<?xml version="1.0" encoding="UTF-8"?>
<!DOCTYPE mapper PUBLIC "-//mybatis.org//DTD Mapper 3.0//EN" "http://mybatis.org/dtd/mybatis-3-mapper.dtd">
<mapper namespace="com.woniu.mapper.BedMapper">
  <resultMap id="BaseResultMap" type="com.woniu.entity.Bed">
    <id column="id" jdbcType="INTEGER" property="id" />
    <result column="code" jdbcType="VARCHAR" property="code" />
    <result column="dept_id" jdbcType="INTEGER" property="deptId" />
    <result column="status" jdbcType="CHAR" property="status" />
    <result column="spare1" jdbcType="VARCHAR" property="spare1" />
    <result column="spare2" jdbcType="VARCHAR" property="spare2" />
    <result column="spare3" jdbcType="VARCHAR" property="spare3" />
  </resultMap>
  <sql id="Example_Where_Clause">
    <where>
      <foreach collection="oredCriteria" item="criteria" separator="or">
        <if test="criteria.valid">
          <trim prefix="(" prefixOverrides="and" suffix=")">
            <foreach collection="criteria.criteria" item="criterion">
              <choose>
                <when test="criterion.noValue">
                  and ${criterion.condition}
                </when>
                <when test="criterion.singleValue">
                  and ${criterion.condition} #{criterion.value}
                </when>
                <when test="criterion.betweenValue">
                  and ${criterion.condition} #{criterion.value} and #{criterion.secondValue}
                </when>
                <when test="criterion.listValue">
                  and ${criterion.condition}
                  <foreach close=")" collection="criterion.value" item="listItem" open="(" separator=",">
                    #{listItem}
                  </foreach>
                </when>
              </choose>
            </foreach>
          </trim>
        </if>
      </foreach>
    </where>
  </sql>
  <sql id="Update_By_Example_Where_Clause">
    <where>
      <foreach collection="example.oredCriteria" item="criteria" separator="or">
        <if test="criteria.valid">
          <trim prefix="(" prefixOverrides="and" suffix=")">
            <foreach collection="criteria.criteria" item="criterion">
              <choose>
                <when test="criterion.noValue">
                  and ${criterion.condition}
                </when>
                <when test="criterion.singleValue">
                  and ${criterion.condition} #{criterion.value}
                </when>
                <when test="criterion.betweenValue">
                  and ${criterion.condition} #{criterion.value} and #{criterion.secondValue}
                </when>
                <when test="criterion.listValue">
                  and ${criterion.condition}
                  <foreach close=")" collection="criterion.value" item="listItem" open="(" separator=",">
                    #{listItem}
                  </foreach>
                </when>
              </choose>
            </foreach>
          </trim>
        </if>
      </foreach>
    </where>
  </sql>
  <sql id="Base_Column_List">
    id, code, dept_id, status, spare1, spare2, spare3
  </sql>
  <select id="selectByExample" parameterType="com.woniu.entity.BedExample" resultMap="BaseResultMap">
    select
    <if test="distinct">
      distinct
    </if>
    <include refid="Base_Column_List" />
    from HOS_bed
    <if test="_parameter != null">
      <include refid="Example_Where_Clause" />
    </if>
    <if test="orderByClause != null">
      order by ${orderByClause}
    </if>
  </select>
  <select id="selectByPrimaryKey" parameterType="java.lang.Integer" resultMap="BaseResultMap">
    select 
    <include refid="Base_Column_List" />
    from HOS_bed
    where id = #{id,jdbcType=INTEGER}
  </select>
  <delete id="deleteByPrimaryKey" parameterType="java.lang.Integer">
    delete from HOS_bed
    where id = #{id,jdbcType=INTEGER}
  </delete>
  <delete id="deleteByExample" parameterType="com.woniu.entity.BedExample">
    delete from HOS_bed
    <if test="_parameter != null">
      <include refid="Example_Where_Clause" />
    </if>
  </delete>
  <insert id="insert" parameterType="com.woniu.entity.Bed">
    insert into HOS_bed (id, code, dept_id, 
      status, spare1, spare2, 
      spare3)
    values (#{id,jdbcType=INTEGER}, #{code,jdbcType=VARCHAR}, #{deptId,jdbcType=INTEGER}, 
      #{status,jdbcType=CHAR}, #{spare1,jdbcType=VARCHAR}, #{spare2,jdbcType=VARCHAR}, 
      #{spare3,jdbcType=VARCHAR})
  </insert>
  <insert id="insertSelective" parameterType="com.woniu.entity.Bed">
    insert into HOS_bed
    <trim prefix="(" suffix=")" suffixOverrides=",">
      <if test="id != null">
        id,
      </if>
      <if test="code != null">
        code,
      </if>
      <if test="deptId != null">
        dept_id,
      </if>
      <if test="status != null">
        status,
      </if>
      <if test="spare1 != null">
        spare1,
      </if>
      <if test="spare2 != null">
        spare2,
      </if>
      <if test="spare3 != null">
        spare3,
      </if>
    </trim>
    <trim prefix="values (" suffix=")" suffixOverrides=",">
      <if test="id != null">
        #{id,jdbcType=INTEGER},
      </if>
      <if test="code != null">
        #{code,jdbcType=VARCHAR},
      </if>
      <if test="deptId != null">
        #{deptId,jdbcType=INTEGER},
      </if>
      <if test="status != null">
        #{status,jdbcType=CHAR},
      </if>
      <if test="spare1 != null">
        #{spare1,jdbcType=VARCHAR},
      </if>
      <if test="spare2 != null">
        #{spare2,jdbcType=VARCHAR},
      </if>
      <if test="spare3 != null">
        #{spare3,jdbcType=VARCHAR},
      </if>
    </trim>
  </insert>
  <select id="countByExample" parameterType="com.woniu.entity.BedExample" resultType="java.lang.Long">
    select count(*) from HOS_bed
    <if test="_parameter != null">
      <include refid="Example_Where_Clause" />
    </if>
  </select>
  <update id="updateByExampleSelective" parameterType="map">
    update HOS_bed
    <set>
      <if test="record.id != null">
        id = #{record.id,jdbcType=INTEGER},
      </if>
      <if test="record.code != null">
        code = #{record.code,jdbcType=VARCHAR},
      </if>
      <if test="record.deptId != null">
        dept_id = #{record.deptId,jdbcType=INTEGER},
      </if>
      <if test="record.status != null">
        status = #{record.status,jdbcType=CHAR},
      </if>
      <if test="record.spare1 != null">
        spare1 = #{record.spare1,jdbcType=VARCHAR},
      </if>
      <if test="record.spare2 != null">
        spare2 = #{record.spare2,jdbcType=VARCHAR},
      </if>
      <if test="record.spare3 != null">
        spare3 = #{record.spare3,jdbcType=VARCHAR},
      </if>
    </set>
    <if test="_parameter != null">
      <include refid="Update_By_Example_Where_Clause" />
    </if>
  </update>
  <update id="updateByExample" parameterType="map">
    update HOS_bed
    set id = #{record.id,jdbcType=INTEGER},
      code = #{record.code,jdbcType=VARCHAR},
      dept_id = #{record.deptId,jdbcType=INTEGER},
      status = #{record.status,jdbcType=CHAR},
      spare1 = #{record.spare1,jdbcType=VARCHAR},
      spare2 = #{record.spare2,jdbcType=VARCHAR},
      spare3 = #{record.spare3,jdbcType=VARCHAR}
    <if test="_parameter != null">
      <include refid="Update_By_Example_Where_Clause" />
    </if>
  </update>
  <update id="updateByPrimaryKeySelective" parameterType="com.woniu.entity.Bed">
    update HOS_bed
    <set>
      <if test="code != null">
        code = #{code,jdbcType=VARCHAR},
      </if>
      <if test="deptId != null">
        dept_id = #{deptId,jdbcType=INTEGER},
      </if>
      <if test="status != null">
        status = #{status,jdbcType=CHAR},
      </if>
      <if test="spare1 != null">
        spare1 = #{spare1,jdbcType=VARCHAR},
      </if>
      <if test="spare2 != null">
        spare2 = #{spare2,jdbcType=VARCHAR},
      </if>
      <if test="spare3 != null">
        spare3 = #{spare3,jdbcType=VARCHAR},
      </if>
    </set>
    where id = #{id,jdbcType=INTEGER}
  </update>
  <update id="updateByPrimaryKey" parameterType="com.woniu.entity.Bed">
    update HOS_bed
    set code = #{code,jdbcType=VARCHAR},
      dept_id = #{deptId,jdbcType=INTEGER},
      status = #{status,jdbcType=CHAR},
      spare1 = #{spare1,jdbcType=VARCHAR},
      spare2 = #{spare2,jdbcType=VARCHAR},
      spare3 = #{spare3,jdbcType=VARCHAR}
    where id = #{id,jdbcType=INTEGER}
  </update>
</mapper>