<?xml version="1.0" encoding="UTF-8"?>
<!DOCTYPE mapper PUBLIC "-//mybatis.org//DTD Mapper 3.0//EN" "http://mybatis.org/dtd/mybatis-3-mapper.dtd">
<mapper namespace="com.woniu.mapper.DrugOutMapper">
  <resultMap id="BaseResultMap" type="com.woniu.entity.DrugOut">
    <id column="id" jdbcType="INTEGER" property="id" />
    <result column="doctor_id" jdbcType="INTEGER" property="doctorId" />
    <result column="patient_id" jdbcType="INTEGER" property="patientId" />
    <result column="prescription_id" jdbcType="INTEGER" property="prescriptionId" />
    <result column="out_status" jdbcType="INTEGER" property="outStatus" />
    <result column="create_time" jdbcType="TIMESTAMP" property="createTime" />
    <result column="out_cause" jdbcType="VARCHAR" property="outCause" />
    <result column="out_num" jdbcType="INTEGER" property="outNum" />
    <result column="spare1" jdbcType="VARCHAR" property="spare1" />
    <result column="spare2" jdbcType="VARCHAR" property="spare2" />
    <result column="spare3" jdbcType="VARCHAR" property="spare3" />
  </resultMap>
  <sql id="Example_Where_Clause">
    <where>
      <foreach collection="oredCriteria" item="criteria" separator="or">
        <if test="criteria.valid">
          <trim prefix="(" prefixOverrides="and" suffix=")">
            <foreach collection="criteria.criteria" item="criterion">
              <choose>
                <when test="criterion.noValue">
                  and ${criterion.condition}
                </when>
                <when test="criterion.singleValue">
                  and ${criterion.condition} #{criterion.value}
                </when>
                <when test="criterion.betweenValue">
                  and ${criterion.condition} #{criterion.value} and #{criterion.secondValue}
                </when>
                <when test="criterion.listValue">
                  and ${criterion.condition}
                  <foreach close=")" collection="criterion.value" item="listItem" open="(" separator=",">
                    #{listItem}
                  </foreach>
                </when>
              </choose>
            </foreach>
          </trim>
        </if>
      </foreach>
    </where>
  </sql>
  <sql id="Update_By_Example_Where_Clause">
    <where>
      <foreach collection="example.oredCriteria" item="criteria" separator="or">
        <if test="criteria.valid">
          <trim prefix="(" prefixOverrides="and" suffix=")">
            <foreach collection="criteria.criteria" item="criterion">
              <choose>
                <when test="criterion.noValue">
                  and ${criterion.condition}
                </when>
                <when test="criterion.singleValue">
                  and ${criterion.condition} #{criterion.value}
                </when>
                <when test="criterion.betweenValue">
                  and ${criterion.condition} #{criterion.value} and #{criterion.secondValue}
                </when>
                <when test="criterion.listValue">
                  and ${criterion.condition}
                  <foreach close=")" collection="criterion.value" item="listItem" open="(" separator=",">
                    #{listItem}
                  </foreach>
                </when>
              </choose>
            </foreach>
          </trim>
        </if>
      </foreach>
    </where>
  </sql>
  <sql id="Base_Column_List">
    id, doctor_id, patient_id, prescription_id, out_status, create_time, out_cause, out_num, 
    spare1, spare2, spare3
  </sql>
  <select id="selectByExample" parameterType="com.woniu.entity.DrugOutExample" resultMap="BaseResultMap">
    select
    <if test="distinct">
      distinct
    </if>
    <include refid="Base_Column_List" />
    from HOS_drug_out
    <if test="_parameter != null">
      <include refid="Example_Where_Clause" />
    </if>
    <if test="orderByClause != null">
      order by ${orderByClause}
    </if>
  </select>
  <select id="selectByPrimaryKey" parameterType="java.lang.Integer" resultMap="BaseResultMap">
    select 
    <include refid="Base_Column_List" />
    from HOS_drug_out
    where id = #{id,jdbcType=INTEGER}
  </select>
  <delete id="deleteByPrimaryKey" parameterType="java.lang.Integer">
    delete from HOS_drug_out
    where id = #{id,jdbcType=INTEGER}
  </delete>
  <delete id="deleteByExample" parameterType="com.woniu.entity.DrugOutExample">
    delete from HOS_drug_out
    <if test="_parameter != null">
      <include refid="Example_Where_Clause" />
    </if>
  </delete>
  <insert id="insert" parameterType="com.woniu.entity.DrugOut">
    insert into HOS_drug_out (id, doctor_id, patient_id, 
      prescription_id, out_status, create_time, 
      out_cause, out_num, spare1, 
      spare2, spare3)
    values (#{id,jdbcType=INTEGER}, #{doctorId,jdbcType=INTEGER}, #{patientId,jdbcType=INTEGER}, 
      #{prescriptionId,jdbcType=INTEGER}, #{outStatus,jdbcType=INTEGER}, #{createTime,jdbcType=TIMESTAMP}, 
      #{outCause,jdbcType=VARCHAR}, #{outNum,jdbcType=INTEGER}, #{spare1,jdbcType=VARCHAR}, 
      #{spare2,jdbcType=VARCHAR}, #{spare3,jdbcType=VARCHAR})
  </insert>
  <insert id="insertSelective" parameterType="com.woniu.entity.DrugOut">
    insert into HOS_drug_out
    <trim prefix="(" suffix=")" suffixOverrides=",">
      <if test="id != null">
        id,
      </if>
      <if test="doctorId != null">
        doctor_id,
      </if>
      <if test="patientId != null">
        patient_id,
      </if>
      <if test="prescriptionId != null">
        prescription_id,
      </if>
      <if test="outStatus != null">
        out_status,
      </if>
      <if test="createTime != null">
        create_time,
      </if>
      <if test="outCause != null">
        out_cause,
      </if>
      <if test="outNum != null">
        out_num,
      </if>
      <if test="spare1 != null">
        spare1,
      </if>
      <if test="spare2 != null">
        spare2,
      </if>
      <if test="spare3 != null">
        spare3,
      </if>
    </trim>
    <trim prefix="values (" suffix=")" suffixOverrides=",">
      <if test="id != null">
        #{id,jdbcType=INTEGER},
      </if>
      <if test="doctorId != null">
        #{doctorId,jdbcType=INTEGER},
      </if>
      <if test="patientId != null">
        #{patientId,jdbcType=INTEGER},
      </if>
      <if test="prescriptionId != null">
        #{prescriptionId,jdbcType=INTEGER},
      </if>
      <if test="outStatus != null">
        #{outStatus,jdbcType=INTEGER},
      </if>
      <if test="createTime != null">
        #{createTime,jdbcType=TIMESTAMP},
      </if>
      <if test="outCause != null">
        #{outCause,jdbcType=VARCHAR},
      </if>
      <if test="outNum != null">
        #{outNum,jdbcType=INTEGER},
      </if>
      <if test="spare1 != null">
        #{spare1,jdbcType=VARCHAR},
      </if>
      <if test="spare2 != null">
        #{spare2,jdbcType=VARCHAR},
      </if>
      <if test="spare3 != null">
        #{spare3,jdbcType=VARCHAR},
      </if>
    </trim>
  </insert>
  <select id="countByExample" parameterType="com.woniu.entity.DrugOutExample" resultType="java.lang.Long">
    select count(*) from HOS_drug_out
    <if test="_parameter != null">
      <include refid="Example_Where_Clause" />
    </if>
  </select>
  <update id="updateByExampleSelective" parameterType="map">
    update HOS_drug_out
    <set>
      <if test="record.id != null">
        id = #{record.id,jdbcType=INTEGER},
      </if>
      <if test="record.doctorId != null">
        doctor_id = #{record.doctorId,jdbcType=INTEGER},
      </if>
      <if test="record.patientId != null">
        patient_id = #{record.patientId,jdbcType=INTEGER},
      </if>
      <if test="record.prescriptionId != null">
        prescription_id = #{record.prescriptionId,jdbcType=INTEGER},
      </if>
      <if test="record.outStatus != null">
        out_status = #{record.outStatus,jdbcType=INTEGER},
      </if>
      <if test="record.createTime != null">
        create_time = #{record.createTime,jdbcType=TIMESTAMP},
      </if>
      <if test="record.outCause != null">
        out_cause = #{record.outCause,jdbcType=VARCHAR},
      </if>
      <if test="record.outNum != null">
        out_num = #{record.outNum,jdbcType=INTEGER},
      </if>
      <if test="record.spare1 != null">
        spare1 = #{record.spare1,jdbcType=VARCHAR},
      </if>
      <if test="record.spare2 != null">
        spare2 = #{record.spare2,jdbcType=VARCHAR},
      </if>
      <if test="record.spare3 != null">
        spare3 = #{record.spare3,jdbcType=VARCHAR},
      </if>
    </set>
    <if test="_parameter != null">
      <include refid="Update_By_Example_Where_Clause" />
    </if>
  </update>
  <update id="updateByExample" parameterType="map">
    update HOS_drug_out
    set id = #{record.id,jdbcType=INTEGER},
      doctor_id = #{record.doctorId,jdbcType=INTEGER},
      patient_id = #{record.patientId,jdbcType=INTEGER},
      prescription_id = #{record.prescriptionId,jdbcType=INTEGER},
      out_status = #{record.outStatus,jdbcType=INTEGER},
      create_time = #{record.createTime,jdbcType=TIMESTAMP},
      out_cause = #{record.outCause,jdbcType=VARCHAR},
      out_num = #{record.outNum,jdbcType=INTEGER},
      spare1 = #{record.spare1,jdbcType=VARCHAR},
      spare2 = #{record.spare2,jdbcType=VARCHAR},
      spare3 = #{record.spare3,jdbcType=VARCHAR}
    <if test="_parameter != null">
      <include refid="Update_By_Example_Where_Clause" />
    </if>
  </update>
  <update id="updateByPrimaryKeySelective" parameterType="com.woniu.entity.DrugOut">
    update HOS_drug_out
    <set>
      <if test="doctorId != null">
        doctor_id = #{doctorId,jdbcType=INTEGER},
      </if>
      <if test="patientId != null">
        patient_id = #{patientId,jdbcType=INTEGER},
      </if>
      <if test="prescriptionId != null">
        prescription_id = #{prescriptionId,jdbcType=INTEGER},
      </if>
      <if test="outStatus != null">
        out_status = #{outStatus,jdbcType=INTEGER},
      </if>
      <if test="createTime != null">
        create_time = #{createTime,jdbcType=TIMESTAMP},
      </if>
      <if test="outCause != null">
        out_cause = #{outCause,jdbcType=VARCHAR},
      </if>
      <if test="outNum != null">
        out_num = #{outNum,jdbcType=INTEGER},
      </if>
      <if test="spare1 != null">
        spare1 = #{spare1,jdbcType=VARCHAR},
      </if>
      <if test="spare2 != null">
        spare2 = #{spare2,jdbcType=VARCHAR},
      </if>
      <if test="spare3 != null">
        spare3 = #{spare3,jdbcType=VARCHAR},
      </if>
    </set>
    where id = #{id,jdbcType=INTEGER}
  </update>
  <update id="updateByPrimaryKey" parameterType="com.woniu.entity.DrugOut">
    update HOS_drug_out
    set doctor_id = #{doctorId,jdbcType=INTEGER},
      patient_id = #{patientId,jdbcType=INTEGER},
      prescription_id = #{prescriptionId,jdbcType=INTEGER},
      out_status = #{outStatus,jdbcType=INTEGER},
      create_time = #{createTime,jdbcType=TIMESTAMP},
      out_cause = #{outCause,jdbcType=VARCHAR},
      out_num = #{outNum,jdbcType=INTEGER},
      spare1 = #{spare1,jdbcType=VARCHAR},
      spare2 = #{spare2,jdbcType=VARCHAR},
      spare3 = #{spare3,jdbcType=VARCHAR}
    where id = #{id,jdbcType=INTEGER}
  </update>
</mapper>