<?xml version="1.0" encoding="UTF-8"?>
<!DOCTYPE mapper PUBLIC "-//mybatis.org//DTD Mapper 3.0//EN" "http://mybatis.org/dtd/mybatis-3-mapper.dtd">
<mapper namespace="com.woniu.mapper.DrugMapper">
  <resultMap id="BaseResultMap" type="com.woniu.entity.Drug">
    <id column="id" jdbcType="INTEGER" property="id" />
    <result column="name" jdbcType="VARCHAR" property="name" />
    <result column="drug_type" jdbcType="VARCHAR" property="drugType" />
    <result column="make_price" jdbcType="REAL" property="makePrice" />
    <result column="sale_price" jdbcType="REAL" property="salePrice" />
    <result column="stock" jdbcType="INTEGER" property="stock" />
    <result column="specifications" jdbcType="VARCHAR" property="specifications" />
    <result column="status" jdbcType="CHAR" property="status" />
    <result column="spare1" jdbcType="VARCHAR" property="spare1" />
    <result column="spare2" jdbcType="VARCHAR" property="spare2" />
    <result column="spare3" jdbcType="VARCHAR" property="spare3" />
  </resultMap>
  <sql id="Example_Where_Clause">
    <where>
      <foreach collection="oredCriteria" item="criteria" separator="or">
        <if test="criteria.valid">
          <trim prefix="(" prefixOverrides="and" suffix=")">
            <foreach collection="criteria.criteria" item="criterion">
              <choose>
                <when test="criterion.noValue">
                  and ${criterion.condition}
                </when>
                <when test="criterion.singleValue">
                  and ${criterion.condition} #{criterion.value}
                </when>
                <when test="criterion.betweenValue">
                  and ${criterion.condition} #{criterion.value} and #{criterion.secondValue}
                </when>
                <when test="criterion.listValue">
                  and ${criterion.condition}
                  <foreach close=")" collection="criterion.value" item="listItem" open="(" separator=",">
                    #{listItem}
                  </foreach>
                </when>
              </choose>
            </foreach>
          </trim>
        </if>
      </foreach>
    </where>
  </sql>
  <sql id="Update_By_Example_Where_Clause">
    <where>
      <foreach collection="example.oredCriteria" item="criteria" separator="or">
        <if test="criteria.valid">
          <trim prefix="(" prefixOverrides="and" suffix=")">
            <foreach collection="criteria.criteria" item="criterion">
              <choose>
                <when test="criterion.noValue">
                  and ${criterion.condition}
                </when>
                <when test="criterion.singleValue">
                  and ${criterion.condition} #{criterion.value}
                </when>
                <when test="criterion.betweenValue">
                  and ${criterion.condition} #{criterion.value} and #{criterion.secondValue}
                </when>
                <when test="criterion.listValue">
                  and ${criterion.condition}
                  <foreach close=")" collection="criterion.value" item="listItem" open="(" separator=",">
                    #{listItem}
                  </foreach>
                </when>
              </choose>
            </foreach>
          </trim>
        </if>
      </foreach>
    </where>
  </sql>
  <sql id="Base_Column_List">
    id, name, drug_type, make_price, sale_price, stock, specifications, status, spare1, 
    spare2, spare3
  </sql>
  <select id="selectByExample" parameterType="com.woniu.entity.DrugExample" resultMap="BaseResultMap">
    select
    <if test="distinct">
      distinct
    </if>
    <include refid="Base_Column_List" />
    from HOS_drug
    <if test="_parameter != null">
      <include refid="Example_Where_Clause" />
    </if>
    <if test="orderByClause != null">
      order by ${orderByClause}
    </if>
  </select>
  <select id="selectByPrimaryKey" parameterType="java.lang.Integer" resultMap="BaseResultMap">
    select 
    <include refid="Base_Column_List" />
    from HOS_drug
    where id = #{id,jdbcType=INTEGER}
  </select>
  <delete id="deleteByPrimaryKey" parameterType="java.lang.Integer">
    delete from HOS_drug
    where id = #{id,jdbcType=INTEGER}
  </delete>
  <delete id="deleteByExample" parameterType="com.woniu.entity.DrugExample">
    delete from HOS_drug
    <if test="_parameter != null">
      <include refid="Example_Where_Clause" />
    </if>
  </delete>
  <insert id="insert" parameterType="com.woniu.entity.Drug">
    insert into HOS_drug (id, name, drug_type, 
      make_price, sale_price, stock, 
      specifications, status, spare1, 
      spare2, spare3)
    values (#{id,jdbcType=INTEGER}, #{name,jdbcType=VARCHAR}, #{drugType,jdbcType=VARCHAR}, 
      #{makePrice,jdbcType=REAL}, #{salePrice,jdbcType=REAL}, #{stock,jdbcType=INTEGER}, 
      #{specifications,jdbcType=VARCHAR}, #{status,jdbcType=CHAR}, #{spare1,jdbcType=VARCHAR}, 
      #{spare2,jdbcType=VARCHAR}, #{spare3,jdbcType=VARCHAR})
  </insert>
  <insert id="insertSelective" parameterType="com.woniu.entity.Drug">
    insert into HOS_drug
    <trim prefix="(" suffix=")" suffixOverrides=",">
      <if test="id != null">
        id,
      </if>
      <if test="name != null">
        name,
      </if>
      <if test="drugType != null">
        drug_type,
      </if>
      <if test="makePrice != null">
        make_price,
      </if>
      <if test="salePrice != null">
        sale_price,
      </if>
      <if test="stock != null">
        stock,
      </if>
      <if test="specifications != null">
        specifications,
      </if>
      <if test="status != null">
        status,
      </if>
      <if test="spare1 != null">
        spare1,
      </if>
      <if test="spare2 != null">
        spare2,
      </if>
      <if test="spare3 != null">
        spare3,
      </if>
    </trim>
    <trim prefix="values (" suffix=")" suffixOverrides=",">
      <if test="id != null">
        #{id,jdbcType=INTEGER},
      </if>
      <if test="name != null">
        #{name,jdbcType=VARCHAR},
      </if>
      <if test="drugType != null">
        #{drugType,jdbcType=VARCHAR},
      </if>
      <if test="makePrice != null">
        #{makePrice,jdbcType=REAL},
      </if>
      <if test="salePrice != null">
        #{salePrice,jdbcType=REAL},
      </if>
      <if test="stock != null">
        #{stock,jdbcType=INTEGER},
      </if>
      <if test="specifications != null">
        #{specifications,jdbcType=VARCHAR},
      </if>
      <if test="status != null">
        #{status,jdbcType=CHAR},
      </if>
      <if test="spare1 != null">
        #{spare1,jdbcType=VARCHAR},
      </if>
      <if test="spare2 != null">
        #{spare2,jdbcType=VARCHAR},
      </if>
      <if test="spare3 != null">
        #{spare3,jdbcType=VARCHAR},
      </if>
    </trim>
  </insert>
  <select id="countByExample" parameterType="com.woniu.entity.DrugExample" resultType="java.lang.Long">
    select count(*) from HOS_drug
    <if test="_parameter != null">
      <include refid="Example_Where_Clause" />
    </if>
  </select>
  <update id="updateByExampleSelective" parameterType="map">
    update HOS_drug
    <set>
      <if test="record.id != null">
        id = #{record.id,jdbcType=INTEGER},
      </if>
      <if test="record.name != null">
        name = #{record.name,jdbcType=VARCHAR},
      </if>
      <if test="record.drugType != null">
        drug_type = #{record.drugType,jdbcType=VARCHAR},
      </if>
      <if test="record.makePrice != null">
        make_price = #{record.makePrice,jdbcType=REAL},
      </if>
      <if test="record.salePrice != null">
        sale_price = #{record.salePrice,jdbcType=REAL},
      </if>
      <if test="record.stock != null">
        stock = #{record.stock,jdbcType=INTEGER},
      </if>
      <if test="record.specifications != null">
        specifications = #{record.specifications,jdbcType=VARCHAR},
      </if>
      <if test="record.status != null">
        status = #{record.status,jdbcType=CHAR},
      </if>
      <if test="record.spare1 != null">
        spare1 = #{record.spare1,jdbcType=VARCHAR},
      </if>
      <if test="record.spare2 != null">
        spare2 = #{record.spare2,jdbcType=VARCHAR},
      </if>
      <if test="record.spare3 != null">
        spare3 = #{record.spare3,jdbcType=VARCHAR},
      </if>
    </set>
    <if test="_parameter != null">
      <include refid="Update_By_Example_Where_Clause" />
    </if>
  </update>
  <update id="updateByExample" parameterType="map">
    update HOS_drug
    set id = #{record.id,jdbcType=INTEGER},
      name = #{record.name,jdbcType=VARCHAR},
      drug_type = #{record.drugType,jdbcType=VARCHAR},
      make_price = #{record.makePrice,jdbcType=REAL},
      sale_price = #{record.salePrice,jdbcType=REAL},
      stock = #{record.stock,jdbcType=INTEGER},
      specifications = #{record.specifications,jdbcType=VARCHAR},
      status = #{record.status,jdbcType=CHAR},
      spare1 = #{record.spare1,jdbcType=VARCHAR},
      spare2 = #{record.spare2,jdbcType=VARCHAR},
      spare3 = #{record.spare3,jdbcType=VARCHAR}
    <if test="_parameter != null">
      <include refid="Update_By_Example_Where_Clause" />
    </if>
  </update>
  <update id="updateByPrimaryKeySelective" parameterType="com.woniu.entity.Drug">
    update HOS_drug
    <set>
      <if test="name != null">
        name = #{name,jdbcType=VARCHAR},
      </if>
      <if test="drugType != null">
        drug_type = #{drugType,jdbcType=VARCHAR},
      </if>
      <if test="makePrice != null">
        make_price = #{makePrice,jdbcType=REAL},
      </if>
      <if test="salePrice != null">
        sale_price = #{salePrice,jdbcType=REAL},
      </if>
      <if test="stock != null">
        stock = #{stock,jdbcType=INTEGER},
      </if>
      <if test="specifications != null">
        specifications = #{specifications,jdbcType=VARCHAR},
      </if>
      <if test="status != null">
        status = #{status,jdbcType=CHAR},
      </if>
      <if test="spare1 != null">
        spare1 = #{spare1,jdbcType=VARCHAR},
      </if>
      <if test="spare2 != null">
        spare2 = #{spare2,jdbcType=VARCHAR},
      </if>
      <if test="spare3 != null">
        spare3 = #{spare3,jdbcType=VARCHAR},
      </if>
    </set>
    where id = #{id,jdbcType=INTEGER}
  </update>
  <update id="updateByPrimaryKey" parameterType="com.woniu.entity.Drug">
    update HOS_drug
    set name = #{name,jdbcType=VARCHAR},
      drug_type = #{drugType,jdbcType=VARCHAR},
      make_price = #{makePrice,jdbcType=REAL},
      sale_price = #{salePrice,jdbcType=REAL},
      stock = #{stock,jdbcType=INTEGER},
      specifications = #{specifications,jdbcType=VARCHAR},
      status = #{status,jdbcType=CHAR},
      spare1 = #{spare1,jdbcType=VARCHAR},
      spare2 = #{spare2,jdbcType=VARCHAR},
      spare3 = #{spare3,jdbcType=VARCHAR}
    where id = #{id,jdbcType=INTEGER}
  </update>
</mapper>