<?xml version="1.0" encoding="UTF-8"?>
<!DOCTYPE mapper PUBLIC "-//mybatis.org//DTD Mapper 3.0//EN" "http://mybatis.org/dtd/mybatis-3-mapper.dtd">
<mapper namespace="com.woniu.mapper.InHospitalTableMapper">
  <resultMap id="BaseResultMap" type="com.woniu.entity.InHospitalTable">
    <id column="id" jdbcType="INTEGER" property="id" />
    <result column="patient_name" jdbcType="VARCHAR" property="patientName" />
    <result column="patient_sex" jdbcType="CHAR" property="patientSex" />
    <result column="patient_age" jdbcType="INTEGER" property="patientAge" />
    <result column="card_id" jdbcType="VARCHAR" property="cardId" />
    <result column="telephone" jdbcType="VARCHAR" property="telephone" />
    <result column="dept_id" jdbcType="INTEGER" property="deptId" />
    <result column="bad_id" jdbcType="INTEGER" property="badId" />
    <result column="reason" jdbcType="VARCHAR" property="reason" />
    <result column="in_hosptial_time" jdbcType="TIMESTAMP" property="inHosptialTime" />
    <result column="status" jdbcType="CHAR" property="status" />
    <result column="spare1" jdbcType="VARCHAR" property="spare1" />
    <result column="spare2" jdbcType="VARCHAR" property="spare2" />
    <result column="spare3" jdbcType="VARCHAR" property="spare3" />
  </resultMap>
  <sql id="Example_Where_Clause">
    <where>
      <foreach collection="oredCriteria" item="criteria" separator="or">
        <if test="criteria.valid">
          <trim prefix="(" prefixOverrides="and" suffix=")">
            <foreach collection="criteria.criteria" item="criterion">
              <choose>
                <when test="criterion.noValue">
                  and ${criterion.condition}
                </when>
                <when test="criterion.singleValue">
                  and ${criterion.condition} #{criterion.value}
                </when>
                <when test="criterion.betweenValue">
                  and ${criterion.condition} #{criterion.value} and #{criterion.secondValue}
                </when>
                <when test="criterion.listValue">
                  and ${criterion.condition}
                  <foreach close=")" collection="criterion.value" item="listItem" open="(" separator=",">
                    #{listItem}
                  </foreach>
                </when>
              </choose>
            </foreach>
          </trim>
        </if>
      </foreach>
    </where>
  </sql>
  <sql id="Update_By_Example_Where_Clause">
    <where>
      <foreach collection="example.oredCriteria" item="criteria" separator="or">
        <if test="criteria.valid">
          <trim prefix="(" prefixOverrides="and" suffix=")">
            <foreach collection="criteria.criteria" item="criterion">
              <choose>
                <when test="criterion.noValue">
                  and ${criterion.condition}
                </when>
                <when test="criterion.singleValue">
                  and ${criterion.condition} #{criterion.value}
                </when>
                <when test="criterion.betweenValue">
                  and ${criterion.condition} #{criterion.value} and #{criterion.secondValue}
                </when>
                <when test="criterion.listValue">
                  and ${criterion.condition}
                  <foreach close=")" collection="criterion.value" item="listItem" open="(" separator=",">
                    #{listItem}
                  </foreach>
                </when>
              </choose>
            </foreach>
          </trim>
        </if>
      </foreach>
    </where>
  </sql>
  <sql id="Base_Column_List">
    id, patient_name, patient_sex, patient_age, card_id, telephone, dept_id, bad_id, 
    reason, in_hosptial_time, status, spare1, spare2, spare3
  </sql>
  <select id="selectByExample" parameterType="com.woniu.entity.InHospitalTableExample" resultMap="BaseResultMap">
    select
    <if test="distinct">
      distinct
    </if>
    <include refid="Base_Column_List" />
    from HOS_in_hospital_table
    <if test="_parameter != null">
      <include refid="Example_Where_Clause" />
    </if>
    <if test="orderByClause != null">
      order by ${orderByClause}
    </if>
  </select>
  <select id="selectByPrimaryKey" parameterType="java.lang.Integer" resultMap="BaseResultMap">
    select 
    <include refid="Base_Column_List" />
    from HOS_in_hospital_table
    where id = #{id,jdbcType=INTEGER}
  </select>
  <delete id="deleteByPrimaryKey" parameterType="java.lang.Integer">
    delete from HOS_in_hospital_table
    where id = #{id,jdbcType=INTEGER}
  </delete>
  <delete id="deleteByExample" parameterType="com.woniu.entity.InHospitalTableExample">
    delete from HOS_in_hospital_table
    <if test="_parameter != null">
      <include refid="Example_Where_Clause" />
    </if>
  </delete>
  <insert id="insert" parameterType="com.woniu.entity.InHospitalTable">
    insert into HOS_in_hospital_table (id, patient_name, patient_sex, 
      patient_age, card_id, telephone, 
      dept_id, bad_id, reason, 
      in_hosptial_time, status, spare1, 
      spare2, spare3)
    values (#{id,jdbcType=INTEGER}, #{patientName,jdbcType=VARCHAR}, #{patientSex,jdbcType=CHAR}, 
      #{patientAge,jdbcType=INTEGER}, #{cardId,jdbcType=VARCHAR}, #{telephone,jdbcType=VARCHAR}, 
      #{deptId,jdbcType=INTEGER}, #{badId,jdbcType=INTEGER}, #{reason,jdbcType=VARCHAR}, 
      #{inHosptialTime,jdbcType=TIMESTAMP}, #{status,jdbcType=CHAR}, #{spare1,jdbcType=VARCHAR}, 
      #{spare2,jdbcType=VARCHAR}, #{spare3,jdbcType=VARCHAR})
  </insert>
  <insert id="insertSelective" parameterType="com.woniu.entity.InHospitalTable">
    insert into HOS_in_hospital_table
    <trim prefix="(" suffix=")" suffixOverrides=",">
      <if test="id != null">
        id,
      </if>
      <if test="patientName != null">
        patient_name,
      </if>
      <if test="patientSex != null">
        patient_sex,
      </if>
      <if test="patientAge != null">
        patient_age,
      </if>
      <if test="cardId != null">
        card_id,
      </if>
      <if test="telephone != null">
        telephone,
      </if>
      <if test="deptId != null">
        dept_id,
      </if>
      <if test="badId != null">
        bad_id,
      </if>
      <if test="reason != null">
        reason,
      </if>
      <if test="inHosptialTime != null">
        in_hosptial_time,
      </if>
      <if test="status != null">
        status,
      </if>
      <if test="spare1 != null">
        spare1,
      </if>
      <if test="spare2 != null">
        spare2,
      </if>
      <if test="spare3 != null">
        spare3,
      </if>
    </trim>
    <trim prefix="values (" suffix=")" suffixOverrides=",">
      <if test="id != null">
        #{id,jdbcType=INTEGER},
      </if>
      <if test="patientName != null">
        #{patientName,jdbcType=VARCHAR},
      </if>
      <if test="patientSex != null">
        #{patientSex,jdbcType=CHAR},
      </if>
      <if test="patientAge != null">
        #{patientAge,jdbcType=INTEGER},
      </if>
      <if test="cardId != null">
        #{cardId,jdbcType=VARCHAR},
      </if>
      <if test="telephone != null">
        #{telephone,jdbcType=VARCHAR},
      </if>
      <if test="deptId != null">
        #{deptId,jdbcType=INTEGER},
      </if>
      <if test="badId != null">
        #{badId,jdbcType=INTEGER},
      </if>
      <if test="reason != null">
        #{reason,jdbcType=VARCHAR},
      </if>
      <if test="inHosptialTime != null">
        #{inHosptialTime,jdbcType=TIMESTAMP},
      </if>
      <if test="status != null">
        #{status,jdbcType=CHAR},
      </if>
      <if test="spare1 != null">
        #{spare1,jdbcType=VARCHAR},
      </if>
      <if test="spare2 != null">
        #{spare2,jdbcType=VARCHAR},
      </if>
      <if test="spare3 != null">
        #{spare3,jdbcType=VARCHAR},
      </if>
    </trim>
  </insert>
  <select id="countByExample" parameterType="com.woniu.entity.InHospitalTableExample" resultType="java.lang.Long">
    select count(*) from HOS_in_hospital_table
    <if test="_parameter != null">
      <include refid="Example_Where_Clause" />
    </if>
  </select>
  <update id="updateByExampleSelective" parameterType="map">
    update HOS_in_hospital_table
    <set>
      <if test="record.id != null">
        id = #{record.id,jdbcType=INTEGER},
      </if>
      <if test="record.patientName != null">
        patient_name = #{record.patientName,jdbcType=VARCHAR},
      </if>
      <if test="record.patientSex != null">
        patient_sex = #{record.patientSex,jdbcType=CHAR},
      </if>
      <if test="record.patientAge != null">
        patient_age = #{record.patientAge,jdbcType=INTEGER},
      </if>
      <if test="record.cardId != null">
        card_id = #{record.cardId,jdbcType=VARCHAR},
      </if>
      <if test="record.telephone != null">
        telephone = #{record.telephone,jdbcType=VARCHAR},
      </if>
      <if test="record.deptId != null">
        dept_id = #{record.deptId,jdbcType=INTEGER},
      </if>
      <if test="record.badId != null">
        bad_id = #{record.badId,jdbcType=INTEGER},
      </if>
      <if test="record.reason != null">
        reason = #{record.reason,jdbcType=VARCHAR},
      </if>
      <if test="record.inHosptialTime != null">
        in_hosptial_time = #{record.inHosptialTime,jdbcType=TIMESTAMP},
      </if>
      <if test="record.status != null">
        status = #{record.status,jdbcType=CHAR},
      </if>
      <if test="record.spare1 != null">
        spare1 = #{record.spare1,jdbcType=VARCHAR},
      </if>
      <if test="record.spare2 != null">
        spare2 = #{record.spare2,jdbcType=VARCHAR},
      </if>
      <if test="record.spare3 != null">
        spare3 = #{record.spare3,jdbcType=VARCHAR},
      </if>
    </set>
    <if test="_parameter != null">
      <include refid="Update_By_Example_Where_Clause" />
    </if>
  </update>
  <update id="updateByExample" parameterType="map">
    update HOS_in_hospital_table
    set id = #{record.id,jdbcType=INTEGER},
      patient_name = #{record.patientName,jdbcType=VARCHAR},
      patient_sex = #{record.patientSex,jdbcType=CHAR},
      patient_age = #{record.patientAge,jdbcType=INTEGER},
      card_id = #{record.cardId,jdbcType=VARCHAR},
      telephone = #{record.telephone,jdbcType=VARCHAR},
      dept_id = #{record.deptId,jdbcType=INTEGER},
      bad_id = #{record.badId,jdbcType=INTEGER},
      reason = #{record.reason,jdbcType=VARCHAR},
      in_hosptial_time = #{record.inHosptialTime,jdbcType=TIMESTAMP},
      status = #{record.status,jdbcType=CHAR},
      spare1 = #{record.spare1,jdbcType=VARCHAR},
      spare2 = #{record.spare2,jdbcType=VARCHAR},
      spare3 = #{record.spare3,jdbcType=VARCHAR}
    <if test="_parameter != null">
      <include refid="Update_By_Example_Where_Clause" />
    </if>
  </update>
  <update id="updateByPrimaryKeySelective" parameterType="com.woniu.entity.InHospitalTable">
    update HOS_in_hospital_table
    <set>
      <if test="patientName != null">
        patient_name = #{patientName,jdbcType=VARCHAR},
      </if>
      <if test="patientSex != null">
        patient_sex = #{patientSex,jdbcType=CHAR},
      </if>
      <if test="patientAge != null">
        patient_age = #{patientAge,jdbcType=INTEGER},
      </if>
      <if test="cardId != null">
        card_id = #{cardId,jdbcType=VARCHAR},
      </if>
      <if test="telephone != null">
        telephone = #{telephone,jdbcType=VARCHAR},
      </if>
      <if test="deptId != null">
        dept_id = #{deptId,jdbcType=INTEGER},
      </if>
      <if test="badId != null">
        bad_id = #{badId,jdbcType=INTEGER},
      </if>
      <if test="reason != null">
        reason = #{reason,jdbcType=VARCHAR},
      </if>
      <if test="inHosptialTime != null">
        in_hosptial_time = #{inHosptialTime,jdbcType=TIMESTAMP},
      </if>
      <if test="status != null">
        status = #{status,jdbcType=CHAR},
      </if>
      <if test="spare1 != null">
        spare1 = #{spare1,jdbcType=VARCHAR},
      </if>
      <if test="spare2 != null">
        spare2 = #{spare2,jdbcType=VARCHAR},
      </if>
      <if test="spare3 != null">
        spare3 = #{spare3,jdbcType=VARCHAR},
      </if>
    </set>
    where id = #{id,jdbcType=INTEGER}
  </update>
  <update id="updateByPrimaryKey" parameterType="com.woniu.entity.InHospitalTable">
    update HOS_in_hospital_table
    set patient_name = #{patientName,jdbcType=VARCHAR},
      patient_sex = #{patientSex,jdbcType=CHAR},
      patient_age = #{patientAge,jdbcType=INTEGER},
      card_id = #{cardId,jdbcType=VARCHAR},
      telephone = #{telephone,jdbcType=VARCHAR},
      dept_id = #{deptId,jdbcType=INTEGER},
      bad_id = #{badId,jdbcType=INTEGER},
      reason = #{reason,jdbcType=VARCHAR},
      in_hosptial_time = #{inHosptialTime,jdbcType=TIMESTAMP},
      status = #{status,jdbcType=CHAR},
      spare1 = #{spare1,jdbcType=VARCHAR},
      spare2 = #{spare2,jdbcType=VARCHAR},
      spare3 = #{spare3,jdbcType=VARCHAR}
    where id = #{id,jdbcType=INTEGER}
  </update>

  <!--queryInHospitalTableList-->
  <!--医生站分页模糊查询预约住院申请列表-->
  <select id="queryInHospitalTableList" resultType="InHospitalTable">
    select i.id,i.patient_name,i.patient_sex,i.patient_age,i.telephone,i.card_id,i.reason,i.in_hosptial_time,i.status,d.name deptName
    from HOS_in_hospital_table i
    inner join HOS_dept d on i.dept_id = d.id
    <where>
      <if test="patientName != null and patientName != ''">and i.patient_name like concat('%', #{patientName}, '%')</if>
      <if test="cardId!=null and cardId != ''">and i.card_id like '%${cardId}%'</if>
      <if test="patientSex!=null and patientSex != ''">and i.patient_sex = #{patientSex}</if>
      <if test="startDate != null and startDate != ''">and i.in_hosptial_time &gt;= #{startDate}</if>
      <if test="endDate != null and endDate != ''">and i.in_hosptial_time &lt;= #{endDate}</if>
    </where> order by i.in_hosptial_time desc
  </select>
</mapper>