<?xml version="1.0" encoding="UTF-8"?>
<!DOCTYPE mapper PUBLIC "-//mybatis.org//DTD Mapper 3.0//EN" "http://mybatis.org/dtd/mybatis-3-mapper.dtd">
<mapper namespace="com.woniu.mapper.NursingRecordMapper">
  <resultMap id="BaseResultMap" type="com.woniu.entity.NursingRecord">
    <id column="id" jdbcType="INTEGER" property="id" />
    <result column="patient_id" jdbcType="INTEGER" property="patientId" />
    <result column="nurse_id" jdbcType="INTEGER" property="nurseId" />
    <result column="nursing_level" jdbcType="CHAR" property="nursingLevel" />
    <result column="create_time" jdbcType="TIMESTAMP" property="createTime" />
    <result column="decs" jdbcType="VARCHAR" property="decs" />
    <result column="spare1" jdbcType="VARCHAR" property="spare1" />
    <result column="spare2" jdbcType="VARCHAR" property="spare2" />
    <result column="spare3" jdbcType="VARCHAR" property="spare3" />
  </resultMap>
  <sql id="Example_Where_Clause">
    <where>
      <foreach collection="oredCriteria" item="criteria" separator="or">
        <if test="criteria.valid">
          <trim prefix="(" prefixOverrides="and" suffix=")">
            <foreach collection="criteria.criteria" item="criterion">
              <choose>
                <when test="criterion.noValue">
                  and ${criterion.condition}
                </when>
                <when test="criterion.singleValue">
                  and ${criterion.condition} #{criterion.value}
                </when>
                <when test="criterion.betweenValue">
                  and ${criterion.condition} #{criterion.value} and #{criterion.secondValue}
                </when>
                <when test="criterion.listValue">
                  and ${criterion.condition}
                  <foreach close=")" collection="criterion.value" item="listItem" open="(" separator=",">
                    #{listItem}
                  </foreach>
                </when>
              </choose>
            </foreach>
          </trim>
        </if>
      </foreach>
    </where>
  </sql>
  <sql id="Update_By_Example_Where_Clause">
    <where>
      <foreach collection="example.oredCriteria" item="criteria" separator="or">
        <if test="criteria.valid">
          <trim prefix="(" prefixOverrides="and" suffix=")">
            <foreach collection="criteria.criteria" item="criterion">
              <choose>
                <when test="criterion.noValue">
                  and ${criterion.condition}
                </when>
                <when test="criterion.singleValue">
                  and ${criterion.condition} #{criterion.value}
                </when>
                <when test="criterion.betweenValue">
                  and ${criterion.condition} #{criterion.value} and #{criterion.secondValue}
                </when>
                <when test="criterion.listValue">
                  and ${criterion.condition}
                  <foreach close=")" collection="criterion.value" item="listItem" open="(" separator=",">
                    #{listItem}
                  </foreach>
                </when>
              </choose>
            </foreach>
          </trim>
        </if>
      </foreach>
    </where>
  </sql>
  <sql id="Base_Column_List">
    id, patient_id, nurse_id, nursing_level, create_time, decs, spare1, spare2, spare3
  </sql>
  <select id="selectByExample" parameterType="com.woniu.entity.NursingRecordExample" resultMap="BaseResultMap">
    select
    <if test="distinct">
      distinct
    </if>
    <include refid="Base_Column_List" />
    from HOS_nursing_record
    <if test="_parameter != null">
      <include refid="Example_Where_Clause" />
    </if>
    <if test="orderByClause != null">
      order by ${orderByClause}
    </if>
  </select>
  <select id="selectByPrimaryKey" parameterType="java.lang.Integer" resultMap="BaseResultMap">
    select 
    <include refid="Base_Column_List" />
    from HOS_nursing_record
    where id = #{id,jdbcType=INTEGER}
  </select>
  <delete id="deleteByPrimaryKey" parameterType="java.lang.Integer">
    delete from HOS_nursing_record
    where id = #{id,jdbcType=INTEGER}
  </delete>
  <delete id="deleteByExample" parameterType="com.woniu.entity.NursingRecordExample">
    delete from HOS_nursing_record
    <if test="_parameter != null">
      <include refid="Example_Where_Clause" />
    </if>
  </delete>
  <insert id="insert" parameterType="com.woniu.entity.NursingRecord">
    insert into HOS_nursing_record (id, patient_id, nurse_id, 
      nursing_level, create_time, decs, 
      spare1, spare2, spare3
      )
    values (#{id,jdbcType=INTEGER}, #{patientId,jdbcType=INTEGER}, #{nurseId,jdbcType=INTEGER}, 
      #{nursingLevel,jdbcType=CHAR}, #{createTime,jdbcType=TIMESTAMP}, #{decs,jdbcType=VARCHAR}, 
      #{spare1,jdbcType=VARCHAR}, #{spare2,jdbcType=VARCHAR}, #{spare3,jdbcType=VARCHAR}
      )
  </insert>
  <insert id="insertSelective" parameterType="com.woniu.entity.NursingRecord">
    insert into HOS_nursing_record
    <trim prefix="(" suffix=")" suffixOverrides=",">
      <if test="id != null">
        id,
      </if>
      <if test="patientId != null">
        patient_id,
      </if>
      <if test="nurseId != null">
        nurse_id,
      </if>
      <if test="nursingLevel != null">
        nursing_level,
      </if>
      <if test="createTime != null">
        create_time,
      </if>
      <if test="decs != null">
        decs,
      </if>
      <if test="spare1 != null">
        spare1,
      </if>
      <if test="spare2 != null">
        spare2,
      </if>
      <if test="spare3 != null">
        spare3,
      </if>
    </trim>
    <trim prefix="values (" suffix=")" suffixOverrides=",">
      <if test="id != null">
        #{id,jdbcType=INTEGER},
      </if>
      <if test="patientId != null">
        #{patientId,jdbcType=INTEGER},
      </if>
      <if test="nurseId != null">
        #{nurseId,jdbcType=INTEGER},
      </if>
      <if test="nursingLevel != null">
        #{nursingLevel,jdbcType=CHAR},
      </if>
      <if test="createTime != null">
        #{createTime,jdbcType=TIMESTAMP},
      </if>
      <if test="decs != null">
        #{decs,jdbcType=VARCHAR},
      </if>
      <if test="spare1 != null">
        #{spare1,jdbcType=VARCHAR},
      </if>
      <if test="spare2 != null">
        #{spare2,jdbcType=VARCHAR},
      </if>
      <if test="spare3 != null">
        #{spare3,jdbcType=VARCHAR},
      </if>
    </trim>
  </insert>
  <select id="countByExample" parameterType="com.woniu.entity.NursingRecordExample" resultType="java.lang.Long">
    select count(*) from HOS_nursing_record
    <if test="_parameter != null">
      <include refid="Example_Where_Clause" />
    </if>
  </select>
  <update id="updateByExampleSelective" parameterType="map">
    update HOS_nursing_record
    <set>
      <if test="record.id != null">
        id = #{record.id,jdbcType=INTEGER},
      </if>
      <if test="record.patientId != null">
        patient_id = #{record.patientId,jdbcType=INTEGER},
      </if>
      <if test="record.nurseId != null">
        nurse_id = #{record.nurseId,jdbcType=INTEGER},
      </if>
      <if test="record.nursingLevel != null">
        nursing_level = #{record.nursingLevel,jdbcType=CHAR},
      </if>
      <if test="record.createTime != null">
        create_time = #{record.createTime,jdbcType=TIMESTAMP},
      </if>
      <if test="record.decs != null">
        decs = #{record.decs,jdbcType=VARCHAR},
      </if>
      <if test="record.spare1 != null">
        spare1 = #{record.spare1,jdbcType=VARCHAR},
      </if>
      <if test="record.spare2 != null">
        spare2 = #{record.spare2,jdbcType=VARCHAR},
      </if>
      <if test="record.spare3 != null">
        spare3 = #{record.spare3,jdbcType=VARCHAR},
      </if>
    </set>
    <if test="_parameter != null">
      <include refid="Update_By_Example_Where_Clause" />
    </if>
  </update>
  <update id="updateByExample" parameterType="map">
    update HOS_nursing_record
    set id = #{record.id,jdbcType=INTEGER},
      patient_id = #{record.patientId,jdbcType=INTEGER},
      nurse_id = #{record.nurseId,jdbcType=INTEGER},
      nursing_level = #{record.nursingLevel,jdbcType=CHAR},
      create_time = #{record.createTime,jdbcType=TIMESTAMP},
      decs = #{record.decs,jdbcType=VARCHAR},
      spare1 = #{record.spare1,jdbcType=VARCHAR},
      spare2 = #{record.spare2,jdbcType=VARCHAR},
      spare3 = #{record.spare3,jdbcType=VARCHAR}
    <if test="_parameter != null">
      <include refid="Update_By_Example_Where_Clause" />
    </if>
  </update>
  <update id="updateByPrimaryKeySelective" parameterType="com.woniu.entity.NursingRecord">
    update HOS_nursing_record
    <set>
      <if test="patientId != null">
        patient_id = #{patientId,jdbcType=INTEGER},
      </if>
      <if test="nurseId != null">
        nurse_id = #{nurseId,jdbcType=INTEGER},
      </if>
      <if test="nursingLevel != null">
        nursing_level = #{nursingLevel,jdbcType=CHAR},
      </if>
      <if test="createTime != null">
        create_time = #{createTime,jdbcType=TIMESTAMP},
      </if>
      <if test="decs != null">
        decs = #{decs,jdbcType=VARCHAR},
      </if>
      <if test="spare1 != null">
        spare1 = #{spare1,jdbcType=VARCHAR},
      </if>
      <if test="spare2 != null">
        spare2 = #{spare2,jdbcType=VARCHAR},
      </if>
      <if test="spare3 != null">
        spare3 = #{spare3,jdbcType=VARCHAR},
      </if>
    </set>
    where id = #{id,jdbcType=INTEGER}
  </update>
  <update id="updateByPrimaryKey" parameterType="com.woniu.entity.NursingRecord">
    update HOS_nursing_record
    set patient_id = #{patientId,jdbcType=INTEGER},
      nurse_id = #{nurseId,jdbcType=INTEGER},
      nursing_level = #{nursingLevel,jdbcType=CHAR},
      create_time = #{createTime,jdbcType=TIMESTAMP},
      decs = #{decs,jdbcType=VARCHAR},
      spare1 = #{spare1,jdbcType=VARCHAR},
      spare2 = #{spare2,jdbcType=VARCHAR},
      spare3 = #{spare3,jdbcType=VARCHAR}
    where id = #{id,jdbcType=INTEGER}
  </update>
</mapper>