<?xml version="1.0" encoding="UTF-8"?>
<!DOCTYPE mapper PUBLIC "-//mybatis.org//DTD Mapper 3.0//EN" "http://mybatis.org/dtd/mybatis-3-mapper.dtd">
<mapper namespace="com.woniu.mapper.OutDrugRecordMapper">
  <resultMap id="BaseResultMap" type="com.woniu.entity.OutDrugRecord">
    <id column="id" jdbcType="INTEGER" property="id" />
    <result column="doctor_name" jdbcType="VARCHAR" property="doctorName" />
    <result column="nurse_name" jdbcType="VARCHAR" property="nurseName" />
    <result column="patient_name" jdbcType="VARCHAR" property="patientName" />
    <result column="patient_no" jdbcType="VARCHAR" property="patientNo" />
    <result column="card_id" jdbcType="VARCHAR" property="cardId" />
    <result column="send_drug_time" jdbcType="TIMESTAMP" property="sendDrugTime" />
    <result column="drug_name" jdbcType="VARCHAR" property="drugName" />
    <result column="type" jdbcType="VARCHAR" property="type" />
    <result column="drug_num" jdbcType="INTEGER" property="drugNum" />
    <result column="spare1" jdbcType="VARCHAR" property="spare1" />
    <result column="spare2" jdbcType="VARCHAR" property="spare2" />
    <result column="spare3" jdbcType="VARCHAR" property="spare3" />
  </resultMap>
  <sql id="Example_Where_Clause">
    <where>
      <foreach collection="oredCriteria" item="criteria" separator="or">
        <if test="criteria.valid">
          <trim prefix="(" prefixOverrides="and" suffix=")">
            <foreach collection="criteria.criteria" item="criterion">
              <choose>
                <when test="criterion.noValue">
                  and ${criterion.condition}
                </when>
                <when test="criterion.singleValue">
                  and ${criterion.condition} #{criterion.value}
                </when>
                <when test="criterion.betweenValue">
                  and ${criterion.condition} #{criterion.value} and #{criterion.secondValue}
                </when>
                <when test="criterion.listValue">
                  and ${criterion.condition}
                  <foreach close=")" collection="criterion.value" item="listItem" open="(" separator=",">
                    #{listItem}
                  </foreach>
                </when>
              </choose>
            </foreach>
          </trim>
        </if>
      </foreach>
    </where>
  </sql>
  <sql id="Update_By_Example_Where_Clause">
    <where>
      <foreach collection="example.oredCriteria" item="criteria" separator="or">
        <if test="criteria.valid">
          <trim prefix="(" prefixOverrides="and" suffix=")">
            <foreach collection="criteria.criteria" item="criterion">
              <choose>
                <when test="criterion.noValue">
                  and ${criterion.condition}
                </when>
                <when test="criterion.singleValue">
                  and ${criterion.condition} #{criterion.value}
                </when>
                <when test="criterion.betweenValue">
                  and ${criterion.condition} #{criterion.value} and #{criterion.secondValue}
                </when>
                <when test="criterion.listValue">
                  and ${criterion.condition}
                  <foreach close=")" collection="criterion.value" item="listItem" open="(" separator=",">
                    #{listItem}
                  </foreach>
                </when>
              </choose>
            </foreach>
          </trim>
        </if>
      </foreach>
    </where>
  </sql>
  <sql id="Base_Column_List">
    id, doctor_name, nurse_name, patient_name, patient_no, card_id, send_drug_time, drug_name, 
    type, drug_num, spare1, spare2, spare3
  </sql>
  <select id="selectByExample" parameterType="com.woniu.entity.OutDrugRecordExample" resultMap="BaseResultMap">
    select
    <if test="distinct">
      distinct
    </if>
    <include refid="Base_Column_List" />
    from HOS_out_drug_record
    <if test="_parameter != null">
      <include refid="Example_Where_Clause" />
    </if>
    <if test="orderByClause != null">
      order by ${orderByClause}
    </if>
  </select>
  <select id="selectByPrimaryKey" parameterType="java.lang.Integer" resultMap="BaseResultMap">
    select 
    <include refid="Base_Column_List" />
    from HOS_out_drug_record
    where id = #{id,jdbcType=INTEGER}
  </select>
  <delete id="deleteByPrimaryKey" parameterType="java.lang.Integer">
    delete from HOS_out_drug_record
    where id = #{id,jdbcType=INTEGER}
  </delete>
  <delete id="deleteByExample" parameterType="com.woniu.entity.OutDrugRecordExample">
    delete from HOS_out_drug_record
    <if test="_parameter != null">
      <include refid="Example_Where_Clause" />
    </if>
  </delete>
  <insert id="insert" parameterType="com.woniu.entity.OutDrugRecord">
    insert into HOS_out_drug_record (id, doctor_name, nurse_name, 
      patient_name, patient_no, card_id, 
      send_drug_time, drug_name, type, 
      drug_num, spare1, spare2, 
      spare3)
    values (#{id,jdbcType=INTEGER}, #{doctorName,jdbcType=VARCHAR}, #{nurseName,jdbcType=VARCHAR}, 
      #{patientName,jdbcType=VARCHAR}, #{patientNo,jdbcType=VARCHAR}, #{cardId,jdbcType=VARCHAR}, 
      #{sendDrugTime,jdbcType=TIMESTAMP}, #{drugName,jdbcType=VARCHAR}, #{type,jdbcType=VARCHAR}, 
      #{drugNum,jdbcType=INTEGER}, #{spare1,jdbcType=VARCHAR}, #{spare2,jdbcType=VARCHAR}, 
      #{spare3,jdbcType=VARCHAR})
  </insert>
  <insert id="insertSelective" parameterType="com.woniu.entity.OutDrugRecord">
    insert into HOS_out_drug_record
    <trim prefix="(" suffix=")" suffixOverrides=",">
      <if test="id != null">
        id,
      </if>
      <if test="doctorName != null">
        doctor_name,
      </if>
      <if test="nurseName != null">
        nurse_name,
      </if>
      <if test="patientName != null">
        patient_name,
      </if>
      <if test="patientNo != null">
        patient_no,
      </if>
      <if test="cardId != null">
        card_id,
      </if>
      <if test="sendDrugTime != null">
        send_drug_time,
      </if>
      <if test="drugName != null">
        drug_name,
      </if>
      <if test="type != null">
        type,
      </if>
      <if test="drugNum != null">
        drug_num,
      </if>
      <if test="spare1 != null">
        spare1,
      </if>
      <if test="spare2 != null">
        spare2,
      </if>
      <if test="spare3 != null">
        spare3,
      </if>
    </trim>
    <trim prefix="values (" suffix=")" suffixOverrides=",">
      <if test="id != null">
        #{id,jdbcType=INTEGER},
      </if>
      <if test="doctorName != null">
        #{doctorName,jdbcType=VARCHAR},
      </if>
      <if test="nurseName != null">
        #{nurseName,jdbcType=VARCHAR},
      </if>
      <if test="patientName != null">
        #{patientName,jdbcType=VARCHAR},
      </if>
      <if test="patientNo != null">
        #{patientNo,jdbcType=VARCHAR},
      </if>
      <if test="cardId != null">
        #{cardId,jdbcType=VARCHAR},
      </if>
      <if test="sendDrugTime != null">
        #{sendDrugTime,jdbcType=TIMESTAMP},
      </if>
      <if test="drugName != null">
        #{drugName,jdbcType=VARCHAR},
      </if>
      <if test="type != null">
        #{type,jdbcType=VARCHAR},
      </if>
      <if test="drugNum != null">
        #{drugNum,jdbcType=INTEGER},
      </if>
      <if test="spare1 != null">
        #{spare1,jdbcType=VARCHAR},
      </if>
      <if test="spare2 != null">
        #{spare2,jdbcType=VARCHAR},
      </if>
      <if test="spare3 != null">
        #{spare3,jdbcType=VARCHAR},
      </if>
    </trim>
  </insert>
  <select id="countByExample" parameterType="com.woniu.entity.OutDrugRecordExample" resultType="java.lang.Long">
    select count(*) from HOS_out_drug_record
    <if test="_parameter != null">
      <include refid="Example_Where_Clause" />
    </if>
  </select>
  <update id="updateByExampleSelective" parameterType="map">
    update HOS_out_drug_record
    <set>
      <if test="record.id != null">
        id = #{record.id,jdbcType=INTEGER},
      </if>
      <if test="record.doctorName != null">
        doctor_name = #{record.doctorName,jdbcType=VARCHAR},
      </if>
      <if test="record.nurseName != null">
        nurse_name = #{record.nurseName,jdbcType=VARCHAR},
      </if>
      <if test="record.patientName != null">
        patient_name = #{record.patientName,jdbcType=VARCHAR},
      </if>
      <if test="record.patientNo != null">
        patient_no = #{record.patientNo,jdbcType=VARCHAR},
      </if>
      <if test="record.cardId != null">
        card_id = #{record.cardId,jdbcType=VARCHAR},
      </if>
      <if test="record.sendDrugTime != null">
        send_drug_time = #{record.sendDrugTime,jdbcType=TIMESTAMP},
      </if>
      <if test="record.drugName != null">
        drug_name = #{record.drugName,jdbcType=VARCHAR},
      </if>
      <if test="record.type != null">
        type = #{record.type,jdbcType=VARCHAR},
      </if>
      <if test="record.drugNum != null">
        drug_num = #{record.drugNum,jdbcType=INTEGER},
      </if>
      <if test="record.spare1 != null">
        spare1 = #{record.spare1,jdbcType=VARCHAR},
      </if>
      <if test="record.spare2 != null">
        spare2 = #{record.spare2,jdbcType=VARCHAR},
      </if>
      <if test="record.spare3 != null">
        spare3 = #{record.spare3,jdbcType=VARCHAR},
      </if>
    </set>
    <if test="_parameter != null">
      <include refid="Update_By_Example_Where_Clause" />
    </if>
  </update>
  <update id="updateByExample" parameterType="map">
    update HOS_out_drug_record
    set id = #{record.id,jdbcType=INTEGER},
      doctor_name = #{record.doctorName,jdbcType=VARCHAR},
      nurse_name = #{record.nurseName,jdbcType=VARCHAR},
      patient_name = #{record.patientName,jdbcType=VARCHAR},
      patient_no = #{record.patientNo,jdbcType=VARCHAR},
      card_id = #{record.cardId,jdbcType=VARCHAR},
      send_drug_time = #{record.sendDrugTime,jdbcType=TIMESTAMP},
      drug_name = #{record.drugName,jdbcType=VARCHAR},
      type = #{record.type,jdbcType=VARCHAR},
      drug_num = #{record.drugNum,jdbcType=INTEGER},
      spare1 = #{record.spare1,jdbcType=VARCHAR},
      spare2 = #{record.spare2,jdbcType=VARCHAR},
      spare3 = #{record.spare3,jdbcType=VARCHAR}
    <if test="_parameter != null">
      <include refid="Update_By_Example_Where_Clause" />
    </if>
  </update>
  <update id="updateByPrimaryKeySelective" parameterType="com.woniu.entity.OutDrugRecord">
    update HOS_out_drug_record
    <set>
      <if test="doctorName != null">
        doctor_name = #{doctorName,jdbcType=VARCHAR},
      </if>
      <if test="nurseName != null">
        nurse_name = #{nurseName,jdbcType=VARCHAR},
      </if>
      <if test="patientName != null">
        patient_name = #{patientName,jdbcType=VARCHAR},
      </if>
      <if test="patientNo != null">
        patient_no = #{patientNo,jdbcType=VARCHAR},
      </if>
      <if test="cardId != null">
        card_id = #{cardId,jdbcType=VARCHAR},
      </if>
      <if test="sendDrugTime != null">
        send_drug_time = #{sendDrugTime,jdbcType=TIMESTAMP},
      </if>
      <if test="drugName != null">
        drug_name = #{drugName,jdbcType=VARCHAR},
      </if>
      <if test="type != null">
        type = #{type,jdbcType=VARCHAR},
      </if>
      <if test="drugNum != null">
        drug_num = #{drugNum,jdbcType=INTEGER},
      </if>
      <if test="spare1 != null">
        spare1 = #{spare1,jdbcType=VARCHAR},
      </if>
      <if test="spare2 != null">
        spare2 = #{spare2,jdbcType=VARCHAR},
      </if>
      <if test="spare3 != null">
        spare3 = #{spare3,jdbcType=VARCHAR},
      </if>
    </set>
    where id = #{id,jdbcType=INTEGER}
  </update>
  <update id="updateByPrimaryKey" parameterType="com.woniu.entity.OutDrugRecord">
    update HOS_out_drug_record
    set doctor_name = #{doctorName,jdbcType=VARCHAR},
      nurse_name = #{nurseName,jdbcType=VARCHAR},
      patient_name = #{patientName,jdbcType=VARCHAR},
      patient_no = #{patientNo,jdbcType=VARCHAR},
      card_id = #{cardId,jdbcType=VARCHAR},
      send_drug_time = #{sendDrugTime,jdbcType=TIMESTAMP},
      drug_name = #{drugName,jdbcType=VARCHAR},
      type = #{type,jdbcType=VARCHAR},
      drug_num = #{drugNum,jdbcType=INTEGER},
      spare1 = #{spare1,jdbcType=VARCHAR},
      spare2 = #{spare2,jdbcType=VARCHAR},
      spare3 = #{spare3,jdbcType=VARCHAR}
    where id = #{id,jdbcType=INTEGER}
  </update>
</mapper>