<?xml version="1.0" encoding="UTF-8"?>
<!DOCTYPE mapper PUBLIC "-//mybatis.org//DTD Mapper 3.0//EN" "http://mybatis.org/dtd/mybatis-3-mapper.dtd">
<mapper namespace="com.woniu.mapper.PatientMapper">
  <resultMap id="BaseResultMap" type="com.woniu.entity.Patient">
    <id column="id" jdbcType="INTEGER" property="id" />
    <result column="name" jdbcType="VARCHAR" property="name" />
    <result column="no" jdbcType="VARCHAR" property="no" />
    <result column="balance" jdbcType="REAL" property="balance" />
    <result column="age" jdbcType="INTEGER" property="age" />
    <result column="card_id" jdbcType="VARCHAR" property="cardId" />
    <result column="phone" jdbcType="VARCHAR" property="phone" />
    <result column="gender" jdbcType="VARCHAR" property="gender" />
    <result column="dept_id" jdbcType="INTEGER" property="deptId" />
    <result column="bed_id" jdbcType="INTEGER" property="bedId" />
    <result column="appointmentt_time" jdbcType="TIMESTAMP" property="appointmenttTime" />
    <result column="base_desc" jdbcType="VARCHAR" property="baseDesc" />
    <result column="doctor_id" jdbcType="INTEGER" property="doctorId" />
    <result column="nurse_id" jdbcType="INTEGER" property="nurseId" />
    <result column="status" jdbcType="VARCHAR" property="status" />
    <result column="end_time" jdbcType="TIMESTAMP" property="endTime" />
    <result column="spare1" jdbcType="VARCHAR" property="spare1" />
    <result column="spare3" jdbcType="VARCHAR" property="spare3" />
    <result column="spare2" jdbcType="VARCHAR" property="spare2" />
  </resultMap>
  <sql id="Example_Where_Clause">
    <where>
      <foreach collection="oredCriteria" item="criteria" separator="or">
        <if test="criteria.valid">
          <trim prefix="(" prefixOverrides="and" suffix=")">
            <foreach collection="criteria.criteria" item="criterion">
              <choose>
                <when test="criterion.noValue">
                  and ${criterion.condition}
                </when>
                <when test="criterion.singleValue">
                  and ${criterion.condition} #{criterion.value}
                </when>
                <when test="criterion.betweenValue">
                  and ${criterion.condition} #{criterion.value} and #{criterion.secondValue}
                </when>
                <when test="criterion.listValue">
                  and ${criterion.condition}
                  <foreach close=")" collection="criterion.value" item="listItem" open="(" separator=",">
                    #{listItem}
                  </foreach>
                </when>
              </choose>
            </foreach>
          </trim>
        </if>
      </foreach>
    </where>
  </sql>
  <sql id="Update_By_Example_Where_Clause">
    <where>
      <foreach collection="example.oredCriteria" item="criteria" separator="or">
        <if test="criteria.valid">
          <trim prefix="(" prefixOverrides="and" suffix=")">
            <foreach collection="criteria.criteria" item="criterion">
              <choose>
                <when test="criterion.noValue">
                  and ${criterion.condition}
                </when>
                <when test="criterion.singleValue">
                  and ${criterion.condition} #{criterion.value}
                </when>
                <when test="criterion.betweenValue">
                  and ${criterion.condition} #{criterion.value} and #{criterion.secondValue}
                </when>
                <when test="criterion.listValue">
                  and ${criterion.condition}
                  <foreach close=")" collection="criterion.value" item="listItem" open="(" separator=",">
                    #{listItem}
                  </foreach>
                </when>
              </choose>
            </foreach>
          </trim>
        </if>
      </foreach>
    </where>
  </sql>
  <sql id="Base_Column_List">
    id, name, no, balance, age, card_id, phone, gender, dept_id, bed_id, appointmentt_time, 
    base_desc, doctor_id, nurse_id, status, end_time, spare1, spare3, spare2
  </sql>
  <select id="selectByExample" parameterType="com.woniu.entity.PatientExample" resultMap="BaseResultMap">
    select
    <if test="distinct">
      distinct
    </if>
    <include refid="Base_Column_List" />
    from HOS_patient
    <if test="_parameter != null">
      <include refid="Example_Where_Clause" />
    </if>
    <if test="orderByClause != null">
      order by ${orderByClause}
    </if>
  </select>
  <select id="selectByPrimaryKey" parameterType="java.lang.Integer" resultMap="BaseResultMap">
    select 
    <include refid="Base_Column_List" />
    from HOS_patient
    where id = #{id,jdbcType=INTEGER}
  </select>
  <delete id="deleteByPrimaryKey" parameterType="java.lang.Integer">
    delete from HOS_patient
    where id = #{id,jdbcType=INTEGER}
  </delete>
  <delete id="deleteByExample" parameterType="com.woniu.entity.PatientExample">
    delete from HOS_patient
    <if test="_parameter != null">
      <include refid="Example_Where_Clause" />
    </if>
  </delete>
  <insert id="insert" parameterType="com.woniu.entity.Patient">
    insert into HOS_patient (id, name, no, 
      balance, age, card_id, 
      phone, gender, dept_id, 
      bed_id, appointmentt_time, base_desc, 
      doctor_id, nurse_id, status, 
      end_time, spare1, spare3, 
      spare2)
    values (#{id,jdbcType=INTEGER}, #{name,jdbcType=VARCHAR}, #{no,jdbcType=VARCHAR}, 
      #{balance,jdbcType=REAL}, #{age,jdbcType=INTEGER}, #{cardId,jdbcType=VARCHAR}, 
      #{phone,jdbcType=VARCHAR}, #{gender,jdbcType=VARCHAR}, #{deptId,jdbcType=INTEGER}, 
      #{bedId,jdbcType=INTEGER}, #{appointmenttTime,jdbcType=TIMESTAMP}, #{baseDesc,jdbcType=VARCHAR}, 
      #{doctorId,jdbcType=INTEGER}, #{nurseId,jdbcType=INTEGER}, #{status,jdbcType=VARCHAR}, 
      #{endTime,jdbcType=TIMESTAMP}, #{spare1,jdbcType=VARCHAR}, #{spare3,jdbcType=VARCHAR}, 
      #{spare2,jdbcType=VARCHAR})
  </insert>
  <insert id="insertSelective" parameterType="com.woniu.entity.Patient">
    insert into HOS_patient
    <trim prefix="(" suffix=")" suffixOverrides=",">
      <if test="id != null">
        id,
      </if>
      <if test="name != null">
        name,
      </if>
      <if test="no != null">
        no,
      </if>
      <if test="balance != null">
        balance,
      </if>
      <if test="age != null">
        age,
      </if>
      <if test="cardId != null">
        card_id,
      </if>
      <if test="phone != null">
        phone,
      </if>
      <if test="gender != null">
        gender,
      </if>
      <if test="deptId != null">
        dept_id,
      </if>
      <if test="bedId != null">
        bed_id,
      </if>
      <if test="appointmenttTime != null">
        appointmentt_time,
      </if>
      <if test="baseDesc != null">
        base_desc,
      </if>
      <if test="doctorId != null">
        doctor_id,
      </if>
      <if test="nurseId != null">
        nurse_id,
      </if>
      <if test="status != null">
        status,
      </if>
      <if test="endTime != null">
        end_time,
      </if>
      <if test="spare1 != null">
        spare1,
      </if>
      <if test="spare3 != null">
        spare3,
      </if>
      <if test="spare2 != null">
        spare2,
      </if>
    </trim>
    <trim prefix="values (" suffix=")" suffixOverrides=",">
      <if test="id != null">
        #{id,jdbcType=INTEGER},
      </if>
      <if test="name != null">
        #{name,jdbcType=VARCHAR},
      </if>
      <if test="no != null">
        #{no,jdbcType=VARCHAR},
      </if>
      <if test="balance != null">
        #{balance,jdbcType=REAL},
      </if>
      <if test="age != null">
        #{age,jdbcType=INTEGER},
      </if>
      <if test="cardId != null">
        #{cardId,jdbcType=VARCHAR},
      </if>
      <if test="phone != null">
        #{phone,jdbcType=VARCHAR},
      </if>
      <if test="gender != null">
        #{gender,jdbcType=VARCHAR},
      </if>
      <if test="deptId != null">
        #{deptId,jdbcType=INTEGER},
      </if>
      <if test="bedId != null">
        #{bedId,jdbcType=INTEGER},
      </if>
      <if test="appointmenttTime != null">
        #{appointmenttTime,jdbcType=TIMESTAMP},
      </if>
      <if test="baseDesc != null">
        #{baseDesc,jdbcType=VARCHAR},
      </if>
      <if test="doctorId != null">
        #{doctorId,jdbcType=INTEGER},
      </if>
      <if test="nurseId != null">
        #{nurseId,jdbcType=INTEGER},
      </if>
      <if test="status != null">
        #{status,jdbcType=VARCHAR},
      </if>
      <if test="endTime != null">
        #{endTime,jdbcType=TIMESTAMP},
      </if>
      <if test="spare1 != null">
        #{spare1,jdbcType=VARCHAR},
      </if>
      <if test="spare3 != null">
        #{spare3,jdbcType=VARCHAR},
      </if>
      <if test="spare2 != null">
        #{spare2,jdbcType=VARCHAR},
      </if>
    </trim>
  </insert>
  <select id="countByExample" parameterType="com.woniu.entity.PatientExample" resultType="java.lang.Long">
    select count(*) from HOS_patient
    <if test="_parameter != null">
      <include refid="Example_Where_Clause" />
    </if>
  </select>
  <update id="updateByExampleSelective" parameterType="map">
    update HOS_patient
    <set>
      <if test="record.id != null">
        id = #{record.id,jdbcType=INTEGER},
      </if>
      <if test="record.name != null">
        name = #{record.name,jdbcType=VARCHAR},
      </if>
      <if test="record.no != null">
        no = #{record.no,jdbcType=VARCHAR},
      </if>
      <if test="record.balance != null">
        balance = #{record.balance,jdbcType=REAL},
      </if>
      <if test="record.age != null">
        age = #{record.age,jdbcType=INTEGER},
      </if>
      <if test="record.cardId != null">
        card_id = #{record.cardId,jdbcType=VARCHAR},
      </if>
      <if test="record.phone != null">
        phone = #{record.phone,jdbcType=VARCHAR},
      </if>
      <if test="record.gender != null">
        gender = #{record.gender,jdbcType=VARCHAR},
      </if>
      <if test="record.deptId != null">
        dept_id = #{record.deptId,jdbcType=INTEGER},
      </if>
      <if test="record.bedId != null">
        bed_id = #{record.bedId,jdbcType=INTEGER},
      </if>
      <if test="record.appointmenttTime != null">
        appointmentt_time = #{record.appointmenttTime,jdbcType=TIMESTAMP},
      </if>
      <if test="record.baseDesc != null">
        base_desc = #{record.baseDesc,jdbcType=VARCHAR},
      </if>
      <if test="record.doctorId != null">
        doctor_id = #{record.doctorId,jdbcType=INTEGER},
      </if>
      <if test="record.nurseId != null">
        nurse_id = #{record.nurseId,jdbcType=INTEGER},
      </if>
      <if test="record.status != null">
        status = #{record.status,jdbcType=VARCHAR},
      </if>
      <if test="record.endTime != null">
        end_time = #{record.endTime,jdbcType=TIMESTAMP},
      </if>
      <if test="record.spare1 != null">
        spare1 = #{record.spare1,jdbcType=VARCHAR},
      </if>
      <if test="record.spare3 != null">
        spare3 = #{record.spare3,jdbcType=VARCHAR},
      </if>
      <if test="record.spare2 != null">
        spare2 = #{record.spare2,jdbcType=VARCHAR},
      </if>
    </set>
    <if test="_parameter != null">
      <include refid="Update_By_Example_Where_Clause" />
    </if>
  </update>
  <update id="updateByExample" parameterType="map">
    update HOS_patient
    set id = #{record.id,jdbcType=INTEGER},
      name = #{record.name,jdbcType=VARCHAR},
      no = #{record.no,jdbcType=VARCHAR},
      balance = #{record.balance,jdbcType=REAL},
      age = #{record.age,jdbcType=INTEGER},
      card_id = #{record.cardId,jdbcType=VARCHAR},
      phone = #{record.phone,jdbcType=VARCHAR},
      gender = #{record.gender,jdbcType=VARCHAR},
      dept_id = #{record.deptId,jdbcType=INTEGER},
      bed_id = #{record.bedId,jdbcType=INTEGER},
      appointmentt_time = #{record.appointmenttTime,jdbcType=TIMESTAMP},
      base_desc = #{record.baseDesc,jdbcType=VARCHAR},
      doctor_id = #{record.doctorId,jdbcType=INTEGER},
      nurse_id = #{record.nurseId,jdbcType=INTEGER},
      status = #{record.status,jdbcType=VARCHAR},
      end_time = #{record.endTime,jdbcType=TIMESTAMP},
      spare1 = #{record.spare1,jdbcType=VARCHAR},
      spare3 = #{record.spare3,jdbcType=VARCHAR},
      spare2 = #{record.spare2,jdbcType=VARCHAR}
    <if test="_parameter != null">
      <include refid="Update_By_Example_Where_Clause" />
    </if>
  </update>
  <update id="updateByPrimaryKeySelective" parameterType="com.woniu.entity.Patient">
    update HOS_patient
    <set>
      <if test="name != null">
        name = #{name,jdbcType=VARCHAR},
      </if>
      <if test="no != null">
        no = #{no,jdbcType=VARCHAR},
      </if>
      <if test="balance != null">
        balance = #{balance,jdbcType=REAL},
      </if>
      <if test="age != null">
        age = #{age,jdbcType=INTEGER},
      </if>
      <if test="cardId != null">
        card_id = #{cardId,jdbcType=VARCHAR},
      </if>
      <if test="phone != null">
        phone = #{phone,jdbcType=VARCHAR},
      </if>
      <if test="gender != null">
        gender = #{gender,jdbcType=VARCHAR},
      </if>
      <if test="deptId != null">
        dept_id = #{deptId,jdbcType=INTEGER},
      </if>
      <if test="bedId != null">
        bed_id = #{bedId,jdbcType=INTEGER},
      </if>
      <if test="appointmenttTime != null">
        appointmentt_time = #{appointmenttTime,jdbcType=TIMESTAMP},
      </if>
      <if test="baseDesc != null">
        base_desc = #{baseDesc,jdbcType=VARCHAR},
      </if>
      <if test="doctorId != null">
        doctor_id = #{doctorId,jdbcType=INTEGER},
      </if>
      <if test="nurseId != null">
        nurse_id = #{nurseId,jdbcType=INTEGER},
      </if>
      <if test="status != null">
        status = #{status,jdbcType=VARCHAR},
      </if>
      <if test="endTime != null">
        end_time = #{endTime,jdbcType=TIMESTAMP},
      </if>
      <if test="spare1 != null">
        spare1 = #{spare1,jdbcType=VARCHAR},
      </if>
      <if test="spare3 != null">
        spare3 = #{spare3,jdbcType=VARCHAR},
      </if>
      <if test="spare2 != null">
        spare2 = #{spare2,jdbcType=VARCHAR},
      </if>
    </set>
    where id = #{id,jdbcType=INTEGER}
  </update>
  <update id="updateByPrimaryKey" parameterType="com.woniu.entity.Patient">
    update HOS_patient
    set name = #{name,jdbcType=VARCHAR},
      no = #{no,jdbcType=VARCHAR},
      balance = #{balance,jdbcType=REAL},
      age = #{age,jdbcType=INTEGER},
      card_id = #{cardId,jdbcType=VARCHAR},
      phone = #{phone,jdbcType=VARCHAR},
      gender = #{gender,jdbcType=VARCHAR},
      dept_id = #{deptId,jdbcType=INTEGER},
      bed_id = #{bedId,jdbcType=INTEGER},
      appointmentt_time = #{appointmenttTime,jdbcType=TIMESTAMP},
      base_desc = #{baseDesc,jdbcType=VARCHAR},
      doctor_id = #{doctorId,jdbcType=INTEGER},
      nurse_id = #{nurseId,jdbcType=INTEGER},
      status = #{status,jdbcType=VARCHAR},
      end_time = #{endTime,jdbcType=TIMESTAMP},
      spare1 = #{spare1,jdbcType=VARCHAR},
      spare3 = #{spare3,jdbcType=VARCHAR},
      spare2 = #{spare2,jdbcType=VARCHAR}
    where id = #{id,jdbcType=INTEGER}
  </update>

  <!--queryPatientList-->
  <!--医生站分页模糊查询患者列表-->
  <select id="queryPatientList" resultType="Patient">
    select p.id,p.name,p.no,p.age,p.card_id,p.phone,p.gender,p.base_desc,p.end_time,d.name deptName,b.code bedCode,w1.name doctorName,w2.name nurseName,
    p.appointmentt_time,p.status
    from HOS_patient p
    inner join HOS_dept d on p.dept_id = d.id
    inner join HOS_bed b on p.bed_id = b.id
    inner join HOS_worker w1 on p.doctor_id = w1.id
    inner join HOS_worker w2 on p.nurse_id = w2.id

    <where>
      <if test="name!=null and name != ''">and p.name like '%${name}%'</if>
      <if test="no!=null and no != ''">and p.no like '%${no}%'</if>
      <if test="cardId!=null and cardId != ''">and p.card_id like '%${cardId}%'</if>
      <if test="gender!=null and gender != ''">and p.gender = #{gender}</if>
      <if test="status!=null and status != ''">and p.status = #{status}</if>
      <if test="startDate != null and startDate != ''">and p.appointmentt_time &gt;= #{startDate}</if>
      <if test="endDate != null and endDate != ''">and p.appointmentt_time &lt;= #{endDate}</if>
    </where> order by p.appointmentt_time desc
  </select>

</mapper>