<?xml version="1.0" encoding="UTF-8"?>
<!DOCTYPE mapper PUBLIC "-//mybatis.org//DTD Mapper 3.0//EN" "http://mybatis.org/dtd/mybatis-3-mapper.dtd">
<mapper namespace="com.woniu.mapper.PrescriptionDrugMapper">
  <resultMap id="BaseResultMap" type="com.woniu.entity.PrescriptionDrug">
    <result column="prescription_id" jdbcType="INTEGER" property="prescriptionId" />
    <result column="drug_id" jdbcType="INTEGER" property="drugId" />
    <result column="num" jdbcType="INTEGER" property="num" />
    <result column="spare1" jdbcType="VARCHAR" property="spare1" />
    <result column="spare2" jdbcType="VARCHAR" property="spare2" />
    <result column="spare3" jdbcType="VARCHAR" property="spare3" />
  </resultMap>
  <sql id="Example_Where_Clause">
    <where>
      <foreach collection="oredCriteria" item="criteria" separator="or">
        <if test="criteria.valid">
          <trim prefix="(" prefixOverrides="and" suffix=")">
            <foreach collection="criteria.criteria" item="criterion">
              <choose>
                <when test="criterion.noValue">
                  and ${criterion.condition}
                </when>
                <when test="criterion.singleValue">
                  and ${criterion.condition} #{criterion.value}
                </when>
                <when test="criterion.betweenValue">
                  and ${criterion.condition} #{criterion.value} and #{criterion.secondValue}
                </when>
                <when test="criterion.listValue">
                  and ${criterion.condition}
                  <foreach close=")" collection="criterion.value" item="listItem" open="(" separator=",">
                    #{listItem}
                  </foreach>
                </when>
              </choose>
            </foreach>
          </trim>
        </if>
      </foreach>
    </where>
  </sql>
  <sql id="Update_By_Example_Where_Clause">
    <where>
      <foreach collection="example.oredCriteria" item="criteria" separator="or">
        <if test="criteria.valid">
          <trim prefix="(" prefixOverrides="and" suffix=")">
            <foreach collection="criteria.criteria" item="criterion">
              <choose>
                <when test="criterion.noValue">
                  and ${criterion.condition}
                </when>
                <when test="criterion.singleValue">
                  and ${criterion.condition} #{criterion.value}
                </when>
                <when test="criterion.betweenValue">
                  and ${criterion.condition} #{criterion.value} and #{criterion.secondValue}
                </when>
                <when test="criterion.listValue">
                  and ${criterion.condition}
                  <foreach close=")" collection="criterion.value" item="listItem" open="(" separator=",">
                    #{listItem}
                  </foreach>
                </when>
              </choose>
            </foreach>
          </trim>
        </if>
      </foreach>
    </where>
  </sql>
  <sql id="Base_Column_List">
    prescription_id, drug_id, num, spare1, spare2, spare3
  </sql>
  <select id="selectByExample" parameterType="com.woniu.entity.PrescriptionDrugExample" resultMap="BaseResultMap">
    select
    <if test="distinct">
      distinct
    </if>
    <include refid="Base_Column_List" />
    from HOS_prescription_drug
    <if test="_parameter != null">
      <include refid="Example_Where_Clause" />
    </if>
    <if test="orderByClause != null">
      order by ${orderByClause}
    </if>
  </select>
  <delete id="deleteByExample" parameterType="com.woniu.entity.PrescriptionDrugExample">
    delete from HOS_prescription_drug
    <if test="_parameter != null">
      <include refid="Example_Where_Clause" />
    </if>
  </delete>
  <insert id="insert" parameterType="com.woniu.entity.PrescriptionDrug">
    insert into HOS_prescription_drug (prescription_id, drug_id, num, 
      spare1, spare2, spare3
      )
    values (#{prescriptionId,jdbcType=INTEGER}, #{drugId,jdbcType=INTEGER}, #{num,jdbcType=INTEGER}, 
      #{spare1,jdbcType=VARCHAR}, #{spare2,jdbcType=VARCHAR}, #{spare3,jdbcType=VARCHAR}
      )
  </insert>
  <insert id="insertSelective" parameterType="com.woniu.entity.PrescriptionDrug">
    insert into HOS_prescription_drug
    <trim prefix="(" suffix=")" suffixOverrides=",">
      <if test="prescriptionId != null">
        prescription_id,
      </if>
      <if test="drugId != null">
        drug_id,
      </if>
      <if test="num != null">
        num,
      </if>
      <if test="spare1 != null">
        spare1,
      </if>
      <if test="spare2 != null">
        spare2,
      </if>
      <if test="spare3 != null">
        spare3,
      </if>
    </trim>
    <trim prefix="values (" suffix=")" suffixOverrides=",">
      <if test="prescriptionId != null">
        #{prescriptionId,jdbcType=INTEGER},
      </if>
      <if test="drugId != null">
        #{drugId,jdbcType=INTEGER},
      </if>
      <if test="num != null">
        #{num,jdbcType=INTEGER},
      </if>
      <if test="spare1 != null">
        #{spare1,jdbcType=VARCHAR},
      </if>
      <if test="spare2 != null">
        #{spare2,jdbcType=VARCHAR},
      </if>
      <if test="spare3 != null">
        #{spare3,jdbcType=VARCHAR},
      </if>
    </trim>
  </insert>
  <select id="countByExample" parameterType="com.woniu.entity.PrescriptionDrugExample" resultType="java.lang.Long">
    select count(*) from HOS_prescription_drug
    <if test="_parameter != null">
      <include refid="Example_Where_Clause" />
    </if>
  </select>
  <update id="updateByExampleSelective" parameterType="map">
    update HOS_prescription_drug
    <set>
      <if test="record.prescriptionId != null">
        prescription_id = #{record.prescriptionId,jdbcType=INTEGER},
      </if>
      <if test="record.drugId != null">
        drug_id = #{record.drugId,jdbcType=INTEGER},
      </if>
      <if test="record.num != null">
        num = #{record.num,jdbcType=INTEGER},
      </if>
      <if test="record.spare1 != null">
        spare1 = #{record.spare1,jdbcType=VARCHAR},
      </if>
      <if test="record.spare2 != null">
        spare2 = #{record.spare2,jdbcType=VARCHAR},
      </if>
      <if test="record.spare3 != null">
        spare3 = #{record.spare3,jdbcType=VARCHAR},
      </if>
    </set>
    <if test="_parameter != null">
      <include refid="Update_By_Example_Where_Clause" />
    </if>
  </update>
  <update id="updateByExample" parameterType="map">
    update HOS_prescription_drug
    set prescription_id = #{record.prescriptionId,jdbcType=INTEGER},
      drug_id = #{record.drugId,jdbcType=INTEGER},
      num = #{record.num,jdbcType=INTEGER},
      spare1 = #{record.spare1,jdbcType=VARCHAR},
      spare2 = #{record.spare2,jdbcType=VARCHAR},
      spare3 = #{record.spare3,jdbcType=VARCHAR}
    <if test="_parameter != null">
      <include refid="Update_By_Example_Where_Clause" />
    </if>
  </update>
</mapper>