<?xml version="1.0" encoding="UTF-8"?>
<!DOCTYPE mapper PUBLIC "-//mybatis.org//DTD Mapper 3.0//EN" "http://mybatis.org/dtd/mybatis-3-mapper.dtd">
<mapper namespace="com.woniu.mapper.SendDrugRecordMapper">
  <resultMap id="BaseResultMap" type="com.woniu.entity.SendDrugRecord">
    <id column="id" jdbcType="INTEGER" property="id" />
    <result column="prescription_id" jdbcType="INTEGER" property="prescriptionId" />
    <result column="send_drug_time" jdbcType="TIMESTAMP" property="sendDrugTime" />
    <result column="spare1" jdbcType="VARCHAR" property="spare1" />
    <result column="spare2" jdbcType="VARCHAR" property="spare2" />
    <result column="spare3" jdbcType="VARCHAR" property="spare3" />
  </resultMap>
  <sql id="Example_Where_Clause">
    <where>
      <foreach collection="oredCriteria" item="criteria" separator="or">
        <if test="criteria.valid">
          <trim prefix="(" prefixOverrides="and" suffix=")">
            <foreach collection="criteria.criteria" item="criterion">
              <choose>
                <when test="criterion.noValue">
                  and ${criterion.condition}
                </when>
                <when test="criterion.singleValue">
                  and ${criterion.condition} #{criterion.value}
                </when>
                <when test="criterion.betweenValue">
                  and ${criterion.condition} #{criterion.value} and #{criterion.secondValue}
                </when>
                <when test="criterion.listValue">
                  and ${criterion.condition}
                  <foreach close=")" collection="criterion.value" item="listItem" open="(" separator=",">
                    #{listItem}
                  </foreach>
                </when>
              </choose>
            </foreach>
          </trim>
        </if>
      </foreach>
    </where>
  </sql>
  <sql id="Update_By_Example_Where_Clause">
    <where>
      <foreach collection="example.oredCriteria" item="criteria" separator="or">
        <if test="criteria.valid">
          <trim prefix="(" prefixOverrides="and" suffix=")">
            <foreach collection="criteria.criteria" item="criterion">
              <choose>
                <when test="criterion.noValue">
                  and ${criterion.condition}
                </when>
                <when test="criterion.singleValue">
                  and ${criterion.condition} #{criterion.value}
                </when>
                <when test="criterion.betweenValue">
                  and ${criterion.condition} #{criterion.value} and #{criterion.secondValue}
                </when>
                <when test="criterion.listValue">
                  and ${criterion.condition}
                  <foreach close=")" collection="criterion.value" item="listItem" open="(" separator=",">
                    #{listItem}
                  </foreach>
                </when>
              </choose>
            </foreach>
          </trim>
        </if>
      </foreach>
    </where>
  </sql>
  <sql id="Base_Column_List">
    id, prescription_id, send_drug_time, spare1, spare2, spare3
  </sql>
  <select id="selectByExample" parameterType="com.woniu.entity.SendDrugRecordExample" resultMap="BaseResultMap">
    select
    <if test="distinct">
      distinct
    </if>
    <include refid="Base_Column_List" />
    from HOS_send_drug_record
    <if test="_parameter != null">
      <include refid="Example_Where_Clause" />
    </if>
    <if test="orderByClause != null">
      order by ${orderByClause}
    </if>
  </select>
  <select id="selectByPrimaryKey" parameterType="java.lang.Integer" resultMap="BaseResultMap">
    select 
    <include refid="Base_Column_List" />
    from HOS_send_drug_record
    where id = #{id,jdbcType=INTEGER}
  </select>
  <delete id="deleteByPrimaryKey" parameterType="java.lang.Integer">
    delete from HOS_send_drug_record
    where id = #{id,jdbcType=INTEGER}
  </delete>
  <delete id="deleteByExample" parameterType="com.woniu.entity.SendDrugRecordExample">
    delete from HOS_send_drug_record
    <if test="_parameter != null">
      <include refid="Example_Where_Clause" />
    </if>
  </delete>
  <insert id="insert" parameterType="com.woniu.entity.SendDrugRecord">
    insert into HOS_send_drug_record (id, prescription_id, send_drug_time, 
      spare1, spare2, spare3
      )
    values (#{id,jdbcType=INTEGER}, #{prescriptionId,jdbcType=INTEGER}, #{sendDrugTime,jdbcType=TIMESTAMP}, 
      #{spare1,jdbcType=VARCHAR}, #{spare2,jdbcType=VARCHAR}, #{spare3,jdbcType=VARCHAR}
      )
  </insert>
  <insert id="insertSelective" parameterType="com.woniu.entity.SendDrugRecord">
    insert into HOS_send_drug_record
    <trim prefix="(" suffix=")" suffixOverrides=",">
      <if test="id != null">
        id,
      </if>
      <if test="prescriptionId != null">
        prescription_id,
      </if>
      <if test="sendDrugTime != null">
        send_drug_time,
      </if>
      <if test="spare1 != null">
        spare1,
      </if>
      <if test="spare2 != null">
        spare2,
      </if>
      <if test="spare3 != null">
        spare3,
      </if>
    </trim>
    <trim prefix="values (" suffix=")" suffixOverrides=",">
      <if test="id != null">
        #{id,jdbcType=INTEGER},
      </if>
      <if test="prescriptionId != null">
        #{prescriptionId,jdbcType=INTEGER},
      </if>
      <if test="sendDrugTime != null">
        #{sendDrugTime,jdbcType=TIMESTAMP},
      </if>
      <if test="spare1 != null">
        #{spare1,jdbcType=VARCHAR},
      </if>
      <if test="spare2 != null">
        #{spare2,jdbcType=VARCHAR},
      </if>
      <if test="spare3 != null">
        #{spare3,jdbcType=VARCHAR},
      </if>
    </trim>
  </insert>
  <select id="countByExample" parameterType="com.woniu.entity.SendDrugRecordExample" resultType="java.lang.Long">
    select count(*) from HOS_send_drug_record
    <if test="_parameter != null">
      <include refid="Example_Where_Clause" />
    </if>
  </select>
  <update id="updateByExampleSelective" parameterType="map">
    update HOS_send_drug_record
    <set>
      <if test="record.id != null">
        id = #{record.id,jdbcType=INTEGER},
      </if>
      <if test="record.prescriptionId != null">
        prescription_id = #{record.prescriptionId,jdbcType=INTEGER},
      </if>
      <if test="record.sendDrugTime != null">
        send_drug_time = #{record.sendDrugTime,jdbcType=TIMESTAMP},
      </if>
      <if test="record.spare1 != null">
        spare1 = #{record.spare1,jdbcType=VARCHAR},
      </if>
      <if test="record.spare2 != null">
        spare2 = #{record.spare2,jdbcType=VARCHAR},
      </if>
      <if test="record.spare3 != null">
        spare3 = #{record.spare3,jdbcType=VARCHAR},
      </if>
    </set>
    <if test="_parameter != null">
      <include refid="Update_By_Example_Where_Clause" />
    </if>
  </update>
  <update id="updateByExample" parameterType="map">
    update HOS_send_drug_record
    set id = #{record.id,jdbcType=INTEGER},
      prescription_id = #{record.prescriptionId,jdbcType=INTEGER},
      send_drug_time = #{record.sendDrugTime,jdbcType=TIMESTAMP},
      spare1 = #{record.spare1,jdbcType=VARCHAR},
      spare2 = #{record.spare2,jdbcType=VARCHAR},
      spare3 = #{record.spare3,jdbcType=VARCHAR}
    <if test="_parameter != null">
      <include refid="Update_By_Example_Where_Clause" />
    </if>
  </update>
  <update id="updateByPrimaryKeySelective" parameterType="com.woniu.entity.SendDrugRecord">
    update HOS_send_drug_record
    <set>
      <if test="prescriptionId != null">
        prescription_id = #{prescriptionId,jdbcType=INTEGER},
      </if>
      <if test="sendDrugTime != null">
        send_drug_time = #{sendDrugTime,jdbcType=TIMESTAMP},
      </if>
      <if test="spare1 != null">
        spare1 = #{spare1,jdbcType=VARCHAR},
      </if>
      <if test="spare2 != null">
        spare2 = #{spare2,jdbcType=VARCHAR},
      </if>
      <if test="spare3 != null">
        spare3 = #{spare3,jdbcType=VARCHAR},
      </if>
    </set>
    where id = #{id,jdbcType=INTEGER}
  </update>
  <update id="updateByPrimaryKey" parameterType="com.woniu.entity.SendDrugRecord">
    update HOS_send_drug_record
    set prescription_id = #{prescriptionId,jdbcType=INTEGER},
      send_drug_time = #{sendDrugTime,jdbcType=TIMESTAMP},
      spare1 = #{spare1,jdbcType=VARCHAR},
      spare2 = #{spare2,jdbcType=VARCHAR},
      spare3 = #{spare3,jdbcType=VARCHAR}
    where id = #{id,jdbcType=INTEGER}
  </update>

<!--  批量添加发药记录-->
  <insert id="addSenDrugBatch" parameterType="list">
    insert into HOS_send_drug_record(prescription_id,send_drug_time,spare1) values
    <foreach collection="list" item="sendDrug" separator=",">
      (#{sendDrug.prescriptionId},#{sendDrug.sendDrugTime},#{sendDrug.spare1})
    </foreach>
  </insert>
</mapper>